rate_feature,flow_target,spearman_level,pearson_log_level,same_day_diff1_corr,same_day_diff7_corr,lag1_level_spearman,lagged_diff1_corr,days,same_day_use,prediction_rule,abs_same_day_diff1,abs_lagged_diff1
mfd_daily_yield,profit_share_inflow_amt,0.24681923841141956,0.21467077127659737,0.7124916519815053,0.2584949411792757,0.25193906112793163,-0.30658242115366413,427,descriptive_only,use lagged/published values only,0.7124916519815053,0.30658242115366413
mfd_daily_yield,profit_share_per_10000_opening_balance,0.9672678072943407,0.9733680038384707,0.8035846801611134,0.9053407207346699,0.9256772074511228,-0.2966116861312361,427,descriptive_only,use lagged/published values only,0.8035846801611134,0.2966116861312361
mfd_7daily_yield,profit_share_inflow_amt,0.24889629628137386,0.19604134162351725,0.1038395104451327,0.023837769491505227,0.25693601901060703,-0.23317268648868655,427,descriptive_only,use lagged/published values only,0.1038395104451327,0.23317268648868655
mfd_7daily_yield,profit_share_per_10000_opening_balance,0.93144216747252,0.9437368118568278,0.24268169765423261,0.5789103525977917,0.9183406477761209,-0.16299308368500917,427,descriptive_only,use lagged/published values only,0.24268169765423261,0.16299308368500917
Interest_2_W,profit_share_inflow_amt,-0.37418476261938627,-0.18648129680002956,0.04110643465280731,-0.1375237865148688,-0.37141126607511066,-0.14924830794502475,427,descriptive_only,use lagged/published values only,0.04110643465280731,0.14924830794502475
Interest_1_M,profit_share_inflow_amt,-0.3982265362548746,-0.19224071156025374,-0.03044375255772257,-0.10931296526815065,-0.39489139203138196,-0.12479221606286361,427,descriptive_only,use lagged/published values only,0.03044375255772257,0.12479221606286361
Interest_2_W,profit_share_per_10000_opening_balance,0.22163368290940502,0.2817681220914337,0.08956792759223384,0.019171987303788458,0.2286277111281677,-0.1111977306967556,427,descriptive_only,use lagged/published values only,0.08956792759223384,0.1111977306967556
Interest_1_W,profit_share_inflow_amt,-0.470131798327438,-0.22465424441978202,0.010020604636462968,-0.1619491065551166,-0.4647912100669609,-0.10182693065336518,427,descriptive_only,use lagged/published values only,0.010020604636462968,0.10182693065336518
Interest_3_M,profit_share_inflow_amt,0.7001619277947521,0.5604347445300478,-0.010344940474853667,0.03069342749019442,0.7071170649655447,-0.09532048365418543,427,descriptive_only,use lagged/published values only,0.010344940474853667,0.09532048365418543
Interest_1_Y,total_outflow_amt,0.767239889405735,0.8156079534682243,0.05497271095829615,0.004308147194586523,0.771534982933234,-0.07544348443615426,427,descriptive_only,use lagged/published values only,0.05497271095829615,0.07544348443615426
Interest_1_Y,transfer_outflow_amt,0.7583703331448676,0.7982678799875571,0.05371482820313073,0.000928544193832138,0.7614009501976616,-0.07499833299405774,427,descriptive_only,use lagged/published values only,0.05371482820313073,0.07499833299405774
Interest_1_M,profit_share_per_10000_opening_balance,0.38987126300258923,0.46433176669214893,0.03227822421143829,0.005696132183501351,0.3960252395093262,-0.07487288779446911,427,descriptive_only,use lagged/published values only,0.03227822421143829,0.07487288779446911
mfd_daily_yield,total_outflow_amt,0.05598417838438626,0.13543975224504365,0.13973149141844152,0.13168696836074426,0.04640723523959824,-0.07273363336550447,427,descriptive_only,use lagged/published values only,0.13973149141844152,0.07273363336550447
Interest_9_M,profit_share_per_10000_opening_balance,0.42587430346368926,0.3431905984954265,0.07774380452630193,0.32147823191374586,0.41981672941852727,0.06659213294418576,427,descriptive_only,use lagged/published values only,0.07774380452630193,0.06659213294418576
Interest_6_M,profit_share_per_10000_opening_balance,0.49881023416553777,0.37837729392987196,0.08860308446614568,0.341178379594503,0.49152341007026007,0.06600174545109247,427,descriptive_only,use lagged/published values only,0.08860308446614568,0.06600174545109247
Interest_O_N,profit_share_inflow_amt,-0.6451120904769954,-0.3959424404935447,-0.07116032513007019,-0.1966231835163789,-0.6411474146567712,-0.0645343692978358,427,descriptive_only,use lagged/published values only,0.07116032513007019,0.0645343692978358
Interest_6_M,profit_share_inflow_amt,0.9397682302448906,0.909850562140957,0.08866919023077457,0.2147631064089383,0.9408802050410822,0.06240741779158725,427,descriptive_only,use lagged/published values only,0.08866919023077457,0.06240741779158725
Interest_1_Y,profit_share_per_10000_opening_balance,0.3029398006893032,0.31373206451706737,0.08506469331043454,0.3437518533079601,0.297429514108936,0.06226276609123334,427,descriptive_only,use lagged/published values only,0.08506469331043454,0.06226276609123334
Interest_9_M,transfer_outflow_amt,0.7447721006327291,0.796986449678809,0.0538746285305417,0.002357512647565242,0.7451479267926782,-0.06102754770312519,427,descriptive_only,use lagged/published values only,0.0538746285305417,0.06102754770312519
Interest_9_M,profit_share_inflow_amt,0.9142125326794976,0.9098107849209239,0.07442108439407831,0.18724041078776746,0.9156977481046553,0.06095505465564309,427,descriptive_only,use lagged/published values only,0.07442108439407831,0.06095505465564309
Interest_9_M,total_outflow_amt,0.7422652639974574,0.8133159191904964,0.05376137034945078,0.005828494727802876,0.7428896959519088,-0.060655055168035044,427,descriptive_only,use lagged/published values only,0.05376137034945078,0.060655055168035044
Interest_6_M,total_outflow_amt,0.7554852495286195,0.8086497450138201,0.051027889451620505,0.002839320605526044,0.7548378114210103,-0.058930503781352506,427,descriptive_only,use lagged/published values only,0.051027889451620505,0.058930503781352506
Interest_6_M,transfer_outflow_amt,0.7586040911493028,0.7932585895585499,0.05144928578710628,0.0011224879900605933,0.7565825409229542,-0.05805139310040437,427,descriptive_only,use lagged/published values only,0.05144928578710628,0.05805139310040437
Interest_1_W,profit_share_per_10000_opening_balance,0.24615238426150132,0.3117091182350926,0.05268904881326018,-0.04234902612548777,0.26033520853893927,-0.054887065870347466,427,descriptive_only,use lagged/published values only,0.05268904881326018,0.054887065870347466
mfd_7daily_yield,total_outflow_amt,0.0401406359571021,0.09823939418342502,-0.028889173733040327,-0.043082379858970274,0.044461800114277646,-0.052167714749806256,427,descriptive_only,use lagged/published values only,0.028889173733040327,0.052167714749806256
Interest_1_Y,profit_share_inflow_amt,0.8405268785054202,0.9088685932958461,0.0716128813465507,0.1810665360074694,0.8437640244955573,0.04705658233191118,427,descriptive_only,use lagged/published values only,0.0716128813465507,0.04705658233191118
Interest_O_N,direct_inflow_amt,-0.39589947905075895,-0.2787909285742783,-0.005930924395166355,-0.03482802358958997,-0.38903992034914453,0.04469390995060516,427,descriptive_only,use lagged/published values only,0.005930924395166355,0.04469390995060516
Interest_2_W,direct_inflow_amt,-0.15609801213578764,-0.07991252303837411,-7.332489227538179e-05,0.026473704197735703,-0.1402305625420011,0.04131388681417918,427,descriptive_only,use lagged/published values only,7.332489227538179e-05,0.04131388681417918
mfd_daily_yield,transfer_outflow_amt,0.0860792810172774,0.1394930903935673,0.10098519091878196,0.0950040825135359,0.07935573274226927,-0.04042598105994119,427,descriptive_only,use lagged/published values only,0.10098519091878196,0.04042598105994119
Interest_3_M,total_outflow_amt,0.5492293920476612,0.4409963604142512,0.006440492933998493,-0.00602496325967881,0.5549730223229206,0.04026267795321787,427,descriptive_only,use lagged/published values only,0.006440492933998493,0.04026267795321787
Interest_3_M,transfer_outflow_amt,0.5650427130466628,0.44175288492454895,0.020073290471223984,7.007151787476935e-05,0.569988330932292,0.03952392417511008,427,descriptive_only,use lagged/published values only,0.020073290471223984,0.03952392417511008
mfd_7daily_yield,transfer_outflow_amt,0.07290058925129606,0.10490231527522731,-0.028983220800492582,-0.0293151754268939,0.07824331821756866,-0.0356290192838096,427,descriptive_only,use lagged/published values only,0.028983220800492582,0.0356290192838096
Interest_1_M,direct_inflow_amt,-0.1528618177278795,-0.0423520836553605,0.057654772914519856,0.07030194742632408,-0.14571061598604165,0.033385206402323266,427,descriptive_only,use lagged/published values only,0.057654772914519856,0.033385206402323266
Interest_1_W,transfer_outflow_amt,-0.3636296517153185,-0.20325519276808096,0.041928721259675276,0.07926776081303884,-0.3622709586636923,-0.03143768888203425,427,descriptive_only,use lagged/published values only,0.041928721259675276,0.03143768888203425
Interest_3_M,direct_inflow_amt,0.7011738285767053,0.5707863582059306,-0.05651655954402839,-0.04338681370560806,0.7049888840837604,0.031061799479308566,427,descriptive_only,use lagged/published values only,0.05651655954402839,0.031061799479308566
Interest_1_W,direct_inflow_amt,-0.2183665784905787,-0.1076937220598864,-0.02212552279546025,-0.06272741596753056,-0.2045992745807556,0.029727955848719376,427,descriptive_only,use lagged/published values only,0.02212552279546025,0.029727955848719376
Interest_1_W,total_outflow_amt,-0.3773353162200478,-0.2083704676666716,0.04221067546349919,0.04624014051462483,-0.37503048730370736,-0.02948831447180659,427,descriptive_only,use lagged/published values only,0.04221067546349919,0.02948831447180659
Interest_1_Y,direct_inflow_amt,0.7509320565870441,0.78588033277518,0.013880325943872424,0.013542270510842362,0.7485909848350422,-0.028041464897398036,427,descriptive_only,use lagged/published values only,0.013880325943872424,0.028041464897398036
mfd_daily_yield,direct_inflow_amt,0.32301578970984957,0.34054898634471326,0.1687953843637132,0.23991092216949542,0.31958223367775235,0.024512655394968937,427,descriptive_only,use lagged/published values only,0.1687953843637132,0.024512655394968937
Interest_O_N,total_outflow_amt,-0.47251180941181886,-0.35760585642978954,0.06114594129871903,-0.04942112288741466,-0.4801233309345426,0.02420184446644971,427,descriptive_only,use lagged/published values only,0.06114594129871903,0.02420184446644971
Interest_6_M,direct_inflow_amt,0.7621150968746325,0.7914639432668495,0.01390546055580763,0.0074335640546457,0.7592052628312834,-0.022339296982434892,427,descriptive_only,use lagged/published values only,0.01390546055580763,0.022339296982434892
Interest_9_M,direct_inflow_amt,0.737840613325346,0.7887128161868361,0.017034169198428116,0.008593009677431065,0.7316868147219593,-0.02197931626330254,427,descriptive_only,use lagged/published values only,0.017034169198428116,0.02197931626330254
Interest_O_N,transfer_outflow_amt,-0.46913093109512183,-0.3591251433527806,0.06366045692218442,-0.015862230898326137,-0.4769774279533752,0.021686905416999764,427,descriptive_only,use lagged/published values only,0.06366045692218442,0.021686905416999764
Interest_O_N,profit_share_per_10000_opening_balance,-0.0879545497690562,-0.020033437445479186,-0.03983707445729539,-0.12117653985906897,-0.07458606654792296,-0.01727326758603535,427,descriptive_only,use lagged/published values only,0.03983707445729539,0.01727326758603535
mfd_7daily_yield,direct_inflow_amt,0.30611695202028794,0.3124818999875718,0.07828350431231948,0.08893196461936843,0.3087562487512519,-0.01339050373057094,427,descriptive_only,use lagged/published values only,0.07828350431231948,0.01339050373057094
Interest_1_M,transfer_outflow_amt,-0.2885739502225163,-0.1395858247211239,0.05333988467751888,0.20785293608202982,-0.2814969426191325,0.010131029772912867,427,descriptive_only,use lagged/published values only,0.05333988467751888,0.010131029772912867
Interest_3_M,profit_share_per_10000_opening_balance,0.7606021399553011,0.8380978011421434,0.05751201268781172,0.3484504756119005,0.7528127678129953,-0.010126009973072963,427,descriptive_only,use lagged/published values only,0.05751201268781172,0.010126009973072963
Interest_2_W,total_outflow_amt,-0.2547348403904191,-0.15973017417606813,0.05808028036507875,0.11602311556346433,-0.25779115169822125,-0.008542973239293029,427,descriptive_only,use lagged/published values only,0.05808028036507875,0.008542973239293029
Interest_2_W,transfer_outflow_amt,-0.24205472844600148,-0.15472150837340817,0.05873245793325247,0.14039086009263194,-0.24776459883699348,-0.005940286684954185,427,descriptive_only,use lagged/published values only,0.05873245793325247,0.005940286684954185
Interest_1_M,total_outflow_amt,-0.3100671629407059,-0.15076187102248223,0.07629959124732798,0.18361277471207135,-0.3025751431741046,0.003598456411806939,427,descriptive_only,use lagged/published values only,0.07629959124732798,0.003598456411806939
