report_date,rows,purchase_zero_rate,redeem_zero_rate,purchase_daily_max,redeem_daily_max,users,new_users,total_purchase_amt,total_redeem_amt,top_user_purchase_share,top_user_redeem_share
2013-07-01,441,0.30158730158730157,0.9024943310657596,6726718,953480,441,441,32488348,5525022,0.20705017072582454,0.1725748784348732
2013-07-02,480,0.31666666666666665,0.9291666666666667,7149501,941503,480,67,29037390,2554548,0.24621706702978471,0.3685595259905079
2013-07-03,499,0.2545090180360721,0.935871743486974,4800593,2675011,499,60,27270770,5953867,0.17603437673377026,0.44928968013561604
2013-07-04,523,0.23709369024856597,0.9082217973231358,1988144,1988820,523,54,18321185,6410729,0.10851612491222593,0.3102330483787413
2013-07-05,544,0.23345588235294118,0.9283088235294118,1955408,409846,544,51,11648749,2763587,0.16786420584734035,0.1483021884239577
2013-07-06,553,0.23508137432188064,0.945750452079566,18892818,889205,553,41,36751272,1616635,0.5140724925112796,0.550034485211566
2013-07-07,566,0.254416961130742,0.9240282685512368,1089574,2961703,566,37,8962232,3982735,0.12157395613057105,0.7436354665826374
2013-07-08,580,0.27413793103448275,0.906896551724138,14538502,5841047,580,31,57258266,8347729,0.25391097243496685,0.699716893061574
2013-07-09,614,0.25732899022801303,0.9087947882736156,5418399,1020079,614,50,26798941,3473059,0.2021870565706309,0.2937119697649824
2013-07-10,619,0.210016155088853,0.9192245557350566,8115542,495109,619,38,30696506,2597169,0.2643799916511671,0.19063410967865396
2013-07-11,658,0.21732522796352582,0.9179331306990881,13832262,601072,658,48,44075197,3508800,0.3138332427646325,0.17130414956680345
2013-07-12,677,0.23485967503692762,0.9054652880354506,9959747,3499365,677,41,34183904,8492573,0.2913577981028732,0.4120500347774461
2013-07-13,694,0.22478386167146974,0.9337175792507204,3054936,994914,694,45,15164717,3482829,0.20145024796704086,0.28566260359035717
2013-07-14,697,0.24103299856527977,0.9325681492109039,5366101,1024689,697,34,22615303,2784107,0.23727743112705588,0.36804943200818074
2013-07-15,714,0.2549019607843137,0.896358543417367,5860771,5599146,714,32,48128555,13107943,0.12177325913898723,0.42715672474315763
2013-07-16,739,0.2530446549391069,0.9201623815967523,10783149,8082276,739,43,50622847,11864981,0.21300953302764658,0.6811874372154494
2013-07-17,765,0.23006535947712417,0.918954248366013,5215572,4931940,765,52,29015682,10911513,0.1797501089238571,0.4519941459997344
2013-07-18,772,0.2189119170984456,0.9158031088082902,2453653,3653847,772,33,24234505,11765356,0.10124626023927454,0.3105598334636028
2013-07-19,788,0.20812182741116753,0.8972081218274112,8057787,4054971,788,33,33680124,9244769,0.239244576415455,0.43862329064144273
2013-07-20,810,0.21851851851851853,0.9234567901234568,6103412,787633,810,31,20439079,4601143,0.2986148250613445,0.17118203020423403
2013-07-21,817,0.2350061199510404,0.9228886168910648,2569703,503448,817,23,21142394,2681331,0.1215426691981996,0.18776048164139378
2013-07-22,840,0.24047619047619048,0.9130952380952381,5060049,4841161,840,32,40448896,19144267,0.12509733269357956,0.25287784588461915
2013-07-23,869,0.25776754890678943,0.9171461449942463,9131621,4900008,869,41,58136147,24404051,0.15707303409701368,0.20078666447631993
2013-07-24,885,0.2214689265536723,0.9005649717514125,20195826,14649998,885,35,48422518,36258592,0.41707508890801587,0.4040421095226202
2013-07-25,906,0.2240618101545254,0.891832229580574,14672586,6447729,906,34,57433418,38212836,0.2554712310522769,0.16873201978518423
2013-07-26,925,0.23459459459459459,0.9135135135135135,9974970,25216887,925,36,44721817,39192369,0.22304482843351378,0.6434131858678918
2013-07-27,918,0.2298474945533769,0.9172113289760349,3258873,2973467,918,18,17194451,15058893,0.1895305060917618,0.19745588204923165
2013-07-28,936,0.23504273504273504,0.9230769230769231,13704034,2455442,936,25,36255382,7683211,0.37798619802157923,0.3195853920971323
2013-07-29,952,0.24789915966386555,0.9159663865546218,9857541,5862698,952,37,53512076,18599364,0.1842115226477104,0.31520959533885134
2013-07-30,970,0.2515463917525773,0.9185567010309278,5604373,6074638,970,31,47481243,13048582,0.11803340952973788,0.4655400870378099
2013-07-31,977,0.218014329580348,0.9058341862845445,6987613,1608301,977,26,54569637,9534040,0.12804946824183566,0.1686903977747104
2013-08-01,990,0.22626262626262628,0.9131313131313131,5113248,6158768,990,29,53369962,18864468,0.09580760053754582,0.32647451282485146
2013-08-02,1011,0.2265084075173096,0.8981206726013847,4997755,10193022,1011,35,38064536,40150769,0.13129688484840588,0.2538686618928768
2013-08-03,1011,0.2304648862512364,0.9228486646884273,4053308,9780531,1011,24,21595789,20701797,0.18768973895790517,0.47244840629052637
2013-08-04,1027,0.24634858812074,0.9250243427458618,11313610,2848024,1027,24,45745254,8263965,0.2473176780262276,0.34463166288821406
2013-08-05,1045,0.25645933014354066,0.9062200956937799,9338110,5638542,1045,28,43632203,15797507,0.2140187604095993,0.35692606434673524
2013-08-06,1061,0.2544769085768143,0.9038642789820923,11881333,3924763,1061,26,50866184,16401387,0.2335801915079771,0.23929457917187125
2013-08-07,1084,0.2333948339483395,0.9059040590405905,5837094,17713825,1084,34,43908081,29708706,0.13293894579451104,0.5962503045403593
2013-08-08,1095,0.2410958904109589,0.9123287671232877,9965631,8121850,1095,32,44493490,29551691,0.22397953048861755,0.27483537236498584
2013-08-09,1102,0.23865698729582577,0.9074410163339383,4909880,5097779,1102,35,33425186,30131015,0.14689162836670527,0.1691870984100602
2013-08-10,1104,0.2427536231884058,0.9411231884057971,4974147,5117554,1104,22,20615307,26614408,0.24128415841685016,0.19228509610283273
2013-08-11,1117,0.24440465532676814,0.9256938227394808,10198656,4883704,1117,26,55519543,15372680,0.18369488379974597,0.31768722174663105
2013-08-12,1135,0.252863436123348,0.9259911894273127,19313876,9376381,1135,24,94520502,28586669,0.204335309179801,0.3279983757464012
2013-08-13,1158,0.25215889464594127,0.9179620034542314,5264562,14100247,1158,31,48720919,28790328,0.1080554740767513,0.4897563862419351
2013-08-14,1167,0.23564695801199656,0.908311910882605,3472988,2977177,1167,29,30541167,15031683,0.1137149736288728,0.1980601240726005
2013-08-15,1174,0.23339011925042588,0.9131175468483816,7789993,10063218,1174,29,42421222,52659327,0.1836343375492578,0.19110039138935445
2013-08-16,1180,0.22542372881355932,0.9110169491525424,5048105,10169929,1180,27,41683536,33739844,0.12110548874740378,0.30142193307117837
2013-08-17,1183,0.2231614539306847,0.9340659340659341,1025039,394324,1183,16,17670519,4674983,0.058008426351257705,0.08434768639800401
2013-08-18,1203,0.23607647547797173,0.9260182876142976,20382219,5275631,1203,26,59703092,15218300,0.34139302198954785,0.3466636220865668
2013-08-19,1202,0.2420965058236273,0.9168053244592346,45028426,9151118,1202,20,109184209,28339260,0.41240786018791414,0.3229130894737548
2013-08-20,1226,0.24714518760195758,0.9135399673735726,10205583,10125463,1226,35,53675509,30131225,0.19013481548912745,0.33604551424643375
2013-08-21,1224,0.2238562091503268,0.923202614379085,4993844,12576078,1224,26,38184446,29983342,0.13078215145507152,0.4194354985511622
2013-08-22,1251,0.21982414068745004,0.9160671462829736,43977860,9913842,1251,36,89130737,25000672,0.4934084635696438,0.39654302092359756
2013-08-23,1266,0.2330173775671406,0.9044233807266983,4922194,4785479,1266,32,37878575,25680323,0.12994665190018367,0.1863480844847629
2013-08-24,1261,0.22759714512291832,0.9238699444885012,7325541,3072546,1261,16,44367268,14316598,0.1651113834640438,0.21461425402878534
2013-08-25,1276,0.2358934169278997,0.9341692789968652,8008094,4176766,1276,24,43306288,18117808,0.18491758056012558,0.23053373785614684
2013-08-26,1294,0.24574961360123648,0.9034003091190108,9785748,5064888,1294,25,74496541,20637986,0.1313584210574287,0.24541580753083173
2013-08-27,1310,0.2435114503816794,0.9137404580152672,7406852,42907760,1310,35,45268028,60137633,0.16362214850622608,0.713492664402006
2013-08-28,1321,0.22785768357305072,0.906888720666162,10741702,20403192,1321,28,46602319,33696861,0.23049715616083397,0.6054923632204199
2013-08-29,1338,0.2234678624813154,0.9170403587443946,14818093,15714506,1338,31,47518666,35944968,0.3118373104160794,0.4371823616590784
2013-08-30,1347,0.21900519673348182,0.9138827023014106,5403305,5000000,1347,28,56488844,20630752,0.09565260354770228,0.2423566528258398
2013-08-31,1366,0.23133235724743778,0.9260614934114202,5495285,6217286,1366,30,47655303,22012016,0.11531318980387135,0.2824496402328619
2013-09-01,1381,0.23750905141202028,0.9080376538740044,10511448,39145521,1381,35,56239802,59339949,0.18690407195957057,0.6596824173205811
2013-09-02,1410,0.24680851063829787,0.9070921985815603,39743145,4034332,1410,45,140844739,17785524,0.28217699349068337,0.2268323384793161
2013-09-03,1412,0.24575070821529746,0.9235127478753541,21839933,19864048,1412,24,80507880,39328144,0.2712769607149014,0.5050848064429382
2013-09-04,1419,0.22410147991543342,0.9076814658210007,2016678,9784242,1419,27,33366708,27452600,0.06043982522938733,0.35640493068051843
2013-09-05,1429,0.22463261021693492,0.9146256123163051,3031596,4023368,1429,27,38716505,21800904,0.07830241908457387,0.18455051221729155
2013-09-06,1440,0.2222222222222222,0.9277777777777778,5069044,8433146,1440,25,38923186,33417903,0.13023199077280057,0.25235413484801844
2013-09-07,1445,0.22422145328719723,0.9259515570934256,5441742,5380334,1445,22,34076183,20344424,0.1596934140188178,0.26446234113091627
2013-09-08,1456,0.23626373626373626,0.9278846153846154,5036516,3065004,1456,25,38796909,14919122,0.12981745530294694,0.20544131216300798
2013-09-09,1478,0.2368064952638701,0.8917456021650879,4013285,10252109,1478,32,49312473,45621186,0.0813847847379303,0.2247225444774715
2013-09-10,1484,0.2358490566037736,0.9076819407008087,23585006,9048249,1484,24,94684143,37128363,0.24909140277057795,0.24370180285082862
2013-09-11,1505,0.23189368770764118,0.9049833887043189,35091575,30365269,1505,31,98944459,71674082,0.35465932458127847,0.42365759215444154
2013-09-12,1513,0.23661599471249173,0.9048248512888302,9845369,9307112,1513,21,68573684,45147220,0.1435735755424778,0.20615027902050226
2013-09-13,1514,0.22060766182298547,0.9075297225891678,11753449,16705888,1514,20,71655946,60512675,0.16402615073981439,0.2760725418269809
2013-09-14,1516,0.23087071240105542,0.929419525065963,5217008,9992970,1516,14,30975443,36312660,0.16842399961802,0.2751924535409965
2013-09-15,1534,0.2392438070404172,0.9159061277705346,4308658,5076183,1534,25,37059683,25020715,0.1162626782317593,0.20287921428304506
2013-09-16,1559,0.24951892238614495,0.9178960872354073,84333139,6184748,1559,32,161656210,45184589,0.5216820250827358,0.13687737648781093
2013-09-17,1569,0.26195028680688337,0.9177820267686424,14802963,20360999,1569,27,76204815,58260798,0.19425233169321388,0.3494802628690393
2013-09-18,1569,0.23263224984066283,0.9088591459528362,10211402,9989410,1569,23,42926608,47203221,0.23788047730209663,0.21162560071906958
2013-09-19,1567,0.24058710912571793,0.9310784939374601,5063869,1027362,1567,14,24778048,11418512,0.20436916580353706,0.0899733695598866
2013-09-20,1584,0.23863636363636365,0.9356060606060606,5915192,1993372,1584,24,28365762,15188254,0.20853280796757726,0.13124431550855023
2013-09-21,1587,0.24007561436672967,0.9224952741020794,2978365,9974896,1587,23,32406340,26596179,0.09190686143513893,0.37504996488405346
2013-09-22,1592,0.24057788944723618,0.8976130653266332,10042380,7341828,1592,13,67514169,47962055,0.14874477681862602,0.15307575957702396
2013-09-23,1616,0.25123762376237624,0.9047029702970297,4885839,15031479,1616,29,54658160,58285879,0.08938901346111908,0.2578922932602595
2013-09-24,1637,0.2626756261453879,0.9083689676237019,14762357,8781809,1637,29,74250859,56680792,0.1988173227733298,0.15493447939118424
2013-09-25,1639,0.2507626601586333,0.9029896278218426,5065492,16118619,1639,29,47274168,74838162,0.10715137281739152,0.21537967487763796
2013-09-26,1646,0.2448359659781288,0.8985419198055893,10067671,6488721,1646,25,68718693,48467529,0.14650556581453025,0.1338776936616678
2013-09-27,1660,0.2596385542168675,0.9168674698795181,6005239,4059580,1660,31,42166121,27639603,0.14241857817559267,0.14687548153278468
2013-09-28,1668,0.2547961630695444,0.9112709832134293,3028071,9944914,1668,28,39995798,58105720,0.07570972830695864,0.17115206557977425
2013-09-29,1680,0.26011904761904764,0.9119047619047619,4951759,9975361,1680,29,34433848,40295202,0.1438049851413644,0.24755704165473597
2013-09-30,1685,0.27181008902077153,0.916320474777448,4905954,5863888,1685,25,28398050,30181353,0.17275672097203856,0.1942884402829787
2013-10-01,1696,0.27476415094339623,0.9321933962264151,4044412,4044412,1696,32,19137499,12813267,0.21133440686267313,0.31564252895065714
2013-10-02,1698,0.26442873969375735,0.9369846878680801,1534768,1032895,1698,21,11562708,7233874,0.13273430410938336,0.14278587102844204
2013-10-03,1704,0.26115023474178406,0.9424882629107981,2316102,1006657,1704,16,10101194,6223263,0.2292899235476519,0.16175710395013035
2013-10-04,1715,0.2606413994169096,0.9422740524781341,5106735,9954254,1715,25,19907689,23412350,0.2565207342750834,0.4251710742407319
2013-10-05,1718,0.2630966239813737,0.9435389988358557,7155525,3594391,1718,21,26364686,13966453,0.2714056598284539,0.25735890136171297
2013-10-06,1744,0.268348623853211,0.9363532110091743,14889236,5455023,1744,37,38730653,13464528,0.3844302857480869,0.4051403064407456
2013-10-07,1744,0.27006880733944955,0.9288990825688074,4877087,4957762,1744,21,42797733,28894400,0.11395666681690828,0.17158210587518688
2013-10-08,1765,0.26855524079320114,0.9053824362606232,14141581,43343773,1765,26,109806912,77856096,0.12878589100110566,0.5567164965476821
2013-10-09,1780,0.2612359550561798,0.9095505617977528,10167179,5101883,1780,24,72422299,33999376,0.14038741023672832,0.15005813636109086
2013-10-10,1795,0.2551532033426184,0.9086350974930362,5078868,9984085,1795,27,72094613,52244531,0.07044726074054937,0.19110296922753503
2013-10-11,1823,0.2638507953922106,0.9215578716401536,8045869,4744314,1823,40,82674757,27666473,0.09731953611910828,0.1714824292926677
2013-10-12,1846,0.2638136511375948,0.9160346695557963,29973742,5337029,1846,47,81901136,31322983,0.36597467952092877,0.17038699666631368
2013-10-13,1880,0.2776595744680851,0.9297872340425531,11879436,13389276,1880,67,71149981,31850475,0.1669633053029206,0.4203791623201852
2013-10-14,1910,0.28272251308900526,0.900523560209424,30360398,5031315,1910,62,130315300,40652625,0.23297646554165166,0.12376359460182461
2013-10-15,1966,0.2894201424211597,0.909969481180061,5705583,5116389,1966,71,85704304,35099198,0.06657288763467469,0.14576939906148284
2013-10-16,2002,0.27372627372627373,0.9195804195804196,20379553,14920028,2002,65,100948091,51261982,0.201881509577036,0.29105445045023814
2013-10-17,2105,0.2812351543942993,0.9211401425178147,10222758,5054564,2105,121,87203217,23274764,0.11722913846171523,0.21716929116875255
2013-10-18,2129,0.2790042273367778,0.9224988257397839,9997936,2297549,2129,82,98151450,15938355,0.10186233621612314,0.1441522039131391
2013-10-19,2170,0.27741935483870966,0.9290322580645162,5106857,9309962,2170,88,53148443,26684697,0.0960866718146381,0.3488876789569692
2013-10-20,2231,0.30076199013895116,0.9278350515463918,4914593,22593884,2231,97,47766681,50884342,0.10288747087117064,0.444024293367103
2013-10-21,2270,0.3118942731277533,0.9224669603524229,5754436,4919945,2270,88,106030290,45781403,0.05427162370300034,0.10746601627739544
2013-10-22,2319,0.31349719706770157,0.9236739974126779,18904615,38707927,2319,89,145611496,96172537,0.12982913794114168,0.40248420398850454
2013-10-23,2333,0.28246892413201885,0.9159879982854694,20062194,12755879,2333,57,106093112,73788462,0.18909987294933905,0.1728709157808439
2013-10-24,2366,0.27345731191885037,0.9142011834319527,4996435,9835531,2366,67,69530830,58183921,0.07185927451175256,0.1690420795119669
2013-10-25,2366,0.2704987320371936,0.9192730346576501,10231350,10217416,2366,40,69936453,52225802,0.14629495150404612,0.19563923594701332
2013-10-26,2379,0.27574611181168557,0.9272803699033207,5000224,17884385,2379,37,55752506,49357211,0.08968608514207416,0.3623459396844769
2013-10-27,2396,0.28213689482470783,0.9286310517529215,10234293,8262435,2396,47,68007543,46520570,0.15048761576344555,0.17760820643427197
2013-10-28,2426,0.29225061830173127,0.9187963726298434,16494451,5124585,2426,54,129993375,55089464,0.12688685865722002,0.0930229598893901
2013-10-29,2470,0.2959514170040486,0.9186234817813765,5099720,10092192,2470,71,102050144,43052468,0.049972687936628485,0.2344161082704945
2013-10-30,2524,0.27812995245641836,0.9148177496038035,13129570,11951161,2524,85,109663260,63908701,0.11972624195195364,0.18700366011194625
2013-10-31,2558,0.27834245504300237,0.9136043784206411,5121626,6783050,2558,76,90926701,55607833,0.05632697484537573,0.12198011744136837
2013-11-01,2627,0.2877807384849638,0.9090216977540921,31223265,18364343,2627,80,150904945,66933119,0.20690683794358097,0.27436855288336404
2013-11-02,2656,0.29292168674698793,0.9284638554216867,5116992,2951397,2656,74,62132300,26705506,0.08235639112023858,0.11051642309267609
2013-11-03,2663,0.2902741269245212,0.9275253473526098,5103036,2968530,2663,49,68707870,30895754,0.07427149175196379,0.09608213478136834
2013-11-04,2734,0.30651060716898315,0.9136795903438186,201768328,102310600,2734,78,300027403,130970051,0.6724996649722692,0.7811755376043947
2013-11-05,2950,0.29152542372881357,0.8701694915254238,14863934,6898499,2950,167,180904814,82689864,0.08216439171154395,0.08342617421646745
2013-11-06,3061,0.2887945115975172,0.8761842535119242,6125310,10864662,3061,162,181474910,131707820,0.03375293036376213,0.08249063723019635
2013-11-07,3183,0.27898209236569277,0.8683631793905121,5103803,4911842,3183,126,167963464,83306452,0.03038638807782626,0.05896112344335586
2013-11-08,3280,0.27926829268292686,0.8841463414634146,70113383,14740344,3280,148,231749471,92856307,0.3025395600579386,0.15874359509042288
2013-11-09,3367,0.2756162756162756,0.8981288981288982,7286677,9539894,3367,133,126467028,45885771,0.05761720754598582,0.20790527852305238
2013-11-10,3673,0.2894092022869589,0.8657772937653144,6667891,14853145,3673,274,164813471,85293644,0.04045719660864372,0.17414128771424048
2013-11-11,3556,0.3135545556805399,0.6310461192350956,12876521,20000000,3556,55,147986439,227124951,0.08701149299227344,0.08805725620167552
2013-11-12,3484,0.317451205510907,0.8938002296211252,8341557,69379003,3484,69,148469647,131263524,0.0561835847834945,0.5285474660881418
2013-11-13,3527,0.30847745959739153,0.9098383895662036,45077734,15707772,3527,72,174554976,79121440,0.25824376384434894,0.19852737766147835
2013-11-14,3528,0.30697278911564624,0.9095804988662132,22165505,8654933,3528,55,167996058,52554150,0.13194062565444245,0.16468600481598503
2013-11-15,3562,0.29590117911285796,0.912128017967434,10495623,5043477,3562,54,124270704,58210254,0.0844577415446202,0.08664241526930977
2013-11-16,3604,0.3118756936736959,0.931465038845727,20106077,4234929,3604,59,118085705,28996272,0.17026681595371768,0.14605080956614008
2013-11-17,3630,0.3184573002754821,0.928099173553719,13384267,5110955,3630,62,111786622,42358155,0.11973048975395285,0.12066047258196208
2013-11-18,3685,0.32727272727272727,0.9039348710990502,14194812,44757352,3685,58,195766477,136916782,0.07250890048963797,0.32689456578084053
2013-11-19,3725,0.3302013422818792,0.9081879194630873,5124448,5010809,3725,66,131365419,70308235,0.039009109391262245,0.07126916214011061
2013-11-20,3766,0.31359532660647904,0.9139670738183749,5582719,14865888,3766,61,166163002,86951218,0.03359784628830911,0.17096813985975445
2013-11-21,3773,0.3119533527696793,0.9085608269281739,40142764,15148630,3773,45,221166938,74733962,0.1815043621031639,0.20270074802136143
2013-11-22,3801,0.31202315180215734,0.907392791370692,10216456,10172482,3801,54,128528687,82717921,0.07948774891009351,0.12297796991295272
2013-11-23,3885,0.3127413127413127,0.9217503217503218,5123916,5011300,3885,94,89109018,48882131,0.05750165488301083,0.10251803465769527
2013-11-24,3910,0.32506393861892585,0.9235294117647059,11931485,14670079,3910,73,102394991,85555947,0.11652410809821742,0.1714676713238882
2013-11-25,3964,0.32669021190716446,0.9096871846619576,15296148,7901096,3964,91,147143602,70113127,0.10395387765483681,0.11269068059109673
2013-11-26,4001,0.3364158960259935,0.9070232441889527,50115214,5226272,4001,78,258037702,65802983,0.1942166342808308,0.07942302554885695
2013-11-27,4033,0.3126704686337714,0.9112323332506819,5070810,18897923,4033,65,134774128,86129498,0.037624506092148485,0.219412900792711
2013-11-28,4049,0.3139046678192146,0.9204741911583106,5114760,8958234,4049,56,139760425,61453591,0.03659662597620177,0.14577234388141777
2013-11-29,4092,0.3098729227761486,0.9237536656891495,5186482,46096828,4092,60,122536344,123982166,0.04232607103081189,0.3718020864387867
2013-11-30,4139,0.31287750664411695,0.9241362647982605,13942244,65531340,4139,72,116865492,119660311,0.11930163268383794,0.5476447407862746
2013-12-01,4186,0.3198757763975155,0.9118490205446728,20460368,18748062,4186,77,137889992,94632233,0.14838182019765436,0.198114969980683
2013-12-02,4240,0.3306603773584906,0.9084905660377358,36683895,20139976,4240,73,345313258,128465086,0.10623367087747324,0.1567739268862514
2013-12-03,4266,0.33122362869198313,0.9055321143928738,9230272,15083520,4266,65,268666856,101662045,0.03435582690557112,0.14836923652283407
2013-12-04,4292,0.31337371854613233,0.9091332712022367,30372416,5903674,4292,61,219456372,69981329,0.1383984239017676,0.08436070140937163
2013-12-05,4334,0.3068758652514998,0.91047531149054,14645186,11017915,4334,75,190825287,118256819,0.07674656870816078,0.09316938416887402
2013-12-06,4341,0.3151347615756738,0.917069799585349,6055177,5473528,4341,44,152197159,82625571,0.03978508560728128,0.06624496428593517
2013-12-07,4362,0.3058230169646951,0.9248051352590555,16788482,14638176,4362,44,138882605,71916047,0.1208825396096221,0.20354533668959865
2013-12-08,4391,0.3149624231382373,0.9309952174903211,9927461,10153535,4391,59,124886903,76314292,0.07949161010102077,0.1330489313849626
2013-12-09,4428,0.31820234869015357,0.9067299006323396,16039124,9953724,4428,62,174652812,133355299,0.09183433015667677,0.07464063351543308
2013-12-10,4473,0.31857813547954394,0.9192935390118488,7679231,14874020,4473,69,179471612,147147341,0.04278799813755504,0.10108249254738487
2013-12-11,4518,0.30677290836653387,0.9125719344842851,29739232,14948618,4518,64,239916977,110314592,0.12395634678241214,0.13550898144100465
2013-12-12,4563,0.2965154503616042,0.8273065965373657,9210759,6000000,4563,64,140360007,92090275,0.0656223891467888,0.06515345947224069
2013-12-13,4577,0.30893598426917196,0.9191610225038235,9845897,11780368,4577,72,164672690,90778214,0.059790709679911104,0.1297708721169597
2013-12-14,4599,0.3100674059578169,0.9299847792998478,24785835,4999900,4599,51,129045596,52234651,0.19207036712822032,0.09571998480472282
2013-12-15,4648,0.314328743545611,0.9180292598967298,36689513,6203997,4648,72,205882387,54757146,0.1782061765196068,0.11330022569109062
2013-12-16,4675,0.3185026737967914,0.9022459893048128,8184487,14976219,4675,60,196489931,156157326,0.04165346772909193,0.09590468397236772
2013-12-17,4717,0.3203307186771253,0.9060843756624973,14807703,15370759,4717,67,193980797,116537843,0.0763359220552125,0.13189500169485718
2013-12-18,4752,0.3087121212121212,0.9143518518518519,10145398,71492454,4752,65,180215804,202220872,0.056295828527890925,0.3535364737226531
2013-12-19,4783,0.30482960485051225,0.9142797407484842,42148369,42148369,4783,64,233631357,164023344,0.18040544531871208,0.2569656731300393
2013-12-20,4854,0.30696332921302016,0.9095591264936135,6852933,13187912,4854,80,133867400,153678963,0.05119194815167845,0.08581468629509167
2013-12-21,4890,0.310838445807771,0.9237218813905931,5668005,10068167,4890,73,112000779,83151594,0.050606835511385145,0.1210820684928782
2013-12-22,4935,0.32259371833839917,0.9282674772036474,9166389,4994502,4935,73,154543217,83998249,0.05931278756802377,0.05945959659230515
2013-12-23,4979,0.3269732878087969,0.9029925687889134,13307311,14153467,4979,70,198747367,138478245,0.06695591091780351,0.10220715174430467
2013-12-24,5010,0.32295409181636725,0.9053892215568863,70972111,24412677,5010,71,305406334,118607911,0.23238585156521344,0.20582671757872878
2013-12-25,5045,0.3058473736372646,0.913577799801784,48180503,40492799,5045,70,380076148,172755480,0.12676539491765212,0.2343937164829735
2013-12-26,5077,0.29643490250147725,0.9066377782154816,24264225,97946388,5077,57,220287409,241852564,0.11014803392598803,0.40498387273661485
2013-12-27,5117,0.2958764901309361,0.9102990033222591,15308059,24751782,5117,67,211118967,163522548,0.07250916020255063,0.15136617122673504
2013-12-28,5155,0.2973811833171678,0.9224054316197866,10178558,4950269,5155,69,192808006,61383220,0.052791158475027224,0.0806453131653895
2013-12-29,5176,0.3027434312210201,0.9279366306027821,10197720,10038171,5176,58,161473347,55129989,0.06315419968349327,0.18208186110829808
2013-12-30,5238,0.3087056128293242,0.9054982817869416,16631019,26545643,5238,72,286358778,179826624,0.05807755961299709,0.14761798008286026
2013-12-31,5258,0.3109547356409281,0.9052871814378091,20028324,28339741,5258,60,265851934,134232530,0.0753363863059202,0.21112424089749332
2014-01-01,5293,0.29321745701870394,0.9147931229926318,18427009,9978606,5293,59,330926565,77367755,0.055683075790545856,0.12897628992853677
2014-01-02,5340,0.29044943820224717,0.9054307116104869,34165094,45776543,5340,75,434956739,190155450,0.0785482576463771,0.2407322167205831
2014-01-03,5374,0.28954224041682175,0.9049125418682545,50130492,9999975,5374,61,342074805,127714255,0.1465483317311253,0.07829959936735331
2014-01-04,5414,0.2940524565940155,0.9196527521241227,8224462,14792487,5414,71,186085910,99869074,0.04419712379083403,0.14811879601487044
2014-01-05,5483,0.3007477658216305,0.9252234178369506,15533078,45515082,5483,79,206030707,156781996,0.07539205308847481,0.2903080912428236
2014-01-06,5514,0.30721799056945953,0.9062386652158143,39390191,23614501,5514,66,442494042,190917629,0.08901857937332408,0.12368947343254509
2014-01-07,5560,0.3035971223021583,0.9098920863309352,68291705,15473146,5560,69,589726496,137972793,0.11580233457918092,0.11214635627474759
2014-01-08,5621,0.2878491371642057,0.8971713218288561,14244233,54749354,5621,74,264025160,213880074,0.053950286404522964,0.25598155534582434
2014-01-09,5646,0.2895855472901169,0.905951115834219,12246993,15052943,5646,75,280698487,140391237,0.04363042042332063,0.10722138590459175
2014-01-10,5701,0.28626556744430803,0.9112436414664093,12358109,10123673,5701,86,237797636,117259153,0.05196901536901738,0.086335887143923
2014-01-11,5764,0.2888619014573213,0.9155100624566274,101438678,5473996,5764,94,243403438,71530182,0.4167512128567387,0.0765270805546112
2014-01-12,5836,0.3008910212474297,0.9210075394105551,21469104,35183465,5836,104,228255344,141505812,0.09405739915557026,0.24863618322617023
2014-01-13,5945,0.30984020185029437,0.9105130361648444,78804221,19858863,5945,155,447207050,178923772,0.1762141741727909,0.11099063460388037
2014-01-14,6076,0.31599736668861095,0.9088215931533904,51084982,15302994,6076,195,356907128,159778389,0.14313242295345807,0.09577636935618371
2014-01-15,6136,0.30638852672750977,0.9121577574967406,41571312,20116753,6136,176,391408718,177618247,0.10620946874259454,0.11325836922599512
2014-01-16,6215,0.3032984714400644,0.9094127111826227,12741412,19566209,6215,190,374947083,153167426,0.03398189391968146,0.12774393035762055
2014-01-17,6241,0.30011216151257814,0.9112321743310366,39221745,14342280,6241,174,345426853,127385210,0.11354573235798782,0.11258983676362429
2014-01-18,6268,0.30248883216336947,0.9156030631780472,33988677,11822683,6268,151,233200688,142869842,0.1457486137433694,0.0827514248948354
2014-01-19,6268,0.30583918315252073,0.916081684747926,12339179,18193605,6268,117,185082022,117629351,0.06666870648301,0.15466892272490732
2014-01-20,6353,0.3140248701400913,0.9050842121832205,17956065,49438457,6353,146,335761027,442996084,0.05347870525783208,0.1116002122492803
2014-01-21,6382,0.31479160137887807,0.905202130993419,33351786,91505368,6382,116,412854611,302825136,0.080783368070461,0.30217230051867294
2014-01-22,6406,0.30034342803621605,0.9136746799875117,49297717,17155023,6406,107,498730606,292856188,0.09884638401357707,0.05857831831096565
2014-01-23,6428,0.29729309271935284,0.9206596141879279,39965712,24569921,6428,95,481450097,209024328,0.08301112046509776,0.11754574807196605
2014-01-24,6467,0.2987474872429256,0.918663986392454,29410654,87438002,6467,90,614103894,345829001,0.04789198421855309,0.252835944201221
2014-01-25,6526,0.30294207784247623,0.9364082133006436,70527132,20322866,6526,101,440854623,185524856,0.15997820669332075,0.10954255099920411
2014-01-26,6600,0.3112121212121212,0.9304545454545454,50348348,61220193,6600,117,528402520,331752519,0.09528408002293404,0.18453572917708577
2014-01-27,6626,0.31602776939329913,0.9328403259885301,52585715,20088223,6626,103,657199484,280645861,0.08001484523381032,0.07157854717123371
2014-01-28,6683,0.31542720335178814,0.9337124046087086,70902916,29379201,6683,113,843424742,248334316,0.08406549211713782,0.1183050392439521
2014-01-29,6735,0.2984409799554566,0.9376391982182628,62779591,11923071,6735,106,952479658,215164666,0.06591173939800822,0.055413703474900475
2014-01-30,6749,0.2987109201363165,0.9509556971403171,15078626,7950482,6749,75,227916211,105288105,0.06615863757054122,0.07551168291992719
2014-01-31,6783,0.29603420315494616,0.9643225711337167,5987595,6827877,6783,72,87324175,48132389,0.06856743851287458,0.14185618336958092
2014-02-01,6780,0.2929203539823009,0.9544247787610619,5008898,13098329,6780,60,64287172,61527060,0.07791442435825299,0.2128872889424588
2014-02-02,6793,0.2986898277638746,0.9623141469159429,10889360,3890836,6793,61,57912761,24395720,0.1880304066317957,0.1594884676492434
2014-02-03,6831,0.301419997072171,0.9597423510466989,10231081,4002400,6831,79,84329848,46109194,0.1213221800186335,0.0868026450429821
2014-02-04,6850,0.3,0.9576642335766423,5607099,9879780,6850,68,83653646,44927333,0.06702755071787307,0.21990577539957692
2014-02-05,6883,0.29739938980095887,0.9508935057387767,86816516,20068538,6883,75,209043990,95407704,0.4153026164492938,0.21034504718822286
2014-02-06,6940,0.29567723342939484,0.9387608069164265,20413385,5884815,6940,105,227860276,111635336,0.089587291643586,0.05271462612877342
2014-02-07,7075,0.29667844522968195,0.9194346289752651,71228253,25590321,7075,165,578818221,273482213,0.12305806972859619,0.09357215856667066
2014-02-08,7133,0.2983316977428852,0.9256974624982476,40067250,39156390,7133,154,358255468,183432237,0.1118398840460964,0.2134651500761014
2014-02-09,7188,0.305370061213133,0.9240400667779632,23152581,85147606,7188,141,341911234,262954049,0.06771518071851362,0.32381173183608214
2014-02-10,7306,0.3119353955652888,0.9121270188885847,37553558,35216516,7306,178,647465140,431753411,0.058000895615785586,0.08156627163276771
2014-02-11,7358,0.31584669747213917,0.9192715411796684,97081548,14301140,7358,149,818803205,243058162,0.11856517830801602,0.05883834503776096
2014-02-12,7443,0.29383313180169285,0.9185812172511084,98800308,45341182,7443,154,763009770,354585919,0.12948760538151433,0.12787079116923422
2014-02-13,7479,0.2885412488300575,0.9173686321700762,49217626,33079195,7479,136,626698794,362757986,0.07853473865149962,0.09118805450640032
2014-02-14,7604,0.29208311415044713,0.923198316675434,44442312,20000000,7604,211,490710434,263261899,0.09056728555317411,0.0759699754349945
2014-02-15,7669,0.2933889685747816,0.9367583778849915,19766645,9938109,7669,238,255393179,121463693,0.07739691826303631,0.08181958538013495
2014-02-16,7721,0.29607563787074215,0.9273410180028494,12072361,25307695,7721,222,331324628,183057224,0.036436654506709354,0.13825018454338628
2014-02-17,7826,0.3038589317659085,0.9168157423971377,90975340,38274259,7826,259,706118060,405809267,0.12883871005933484,0.09431588214568791
2014-02-18,7889,0.3070097604259095,0.915198377487641,27992132,25446140,7889,224,593563145,271125324,0.04715948460715161,0.09385379286812766
2014-02-19,7900,0.28215189873417723,0.920379746835443,23769829,51053490,7900,197,408367966,323990451,0.05820688932294949,0.1575771441486095
2014-02-20,8005,0.27857589006870703,0.9186758276077451,51727397,14870160,8005,215,478925191,230855410,0.10800725869523117,0.064413305280565
2014-02-21,8065,0.28071915685058896,0.9172969621822691,34939467,10127965,8065,193,353981687,178914448,0.09870416545023133,0.05660786545310192
2014-02-22,8079,0.27119693031315756,0.9253620497586335,45645380,17961494,8079,172,282022706,134735118,0.16185001784927203,0.1333096691242739
2014-02-23,8158,0.2789899485167933,0.9242461387594999,24664242,20071703,8158,177,337053711,195214052,0.07317599894338501,0.10281894563614713
2014-02-24,8280,0.28695652173913044,0.9009661835748792,55236539,68606833,8280,216,656317045,473470156,0.08416136594471656,0.1449021276855304
2014-02-25,8344,0.2889501438159156,0.9054410354745925,30966055,21009092,8344,183,563505889,299155352,0.05495249580257714,0.07022803322602766
2014-02-26,8402,0.26957867174482264,0.9076410378481314,62185001,39850564,8402,180,680801145,284819682,0.09134091717780528,0.1399150638753961
2014-02-27,8440,0.2663507109004739,0.9063981042654028,61095583,91635540,8440,140,672909288,492786036,0.09079319321269348,0.1859540110832199
2014-02-28,8454,0.2630707357463922,0.9014667612964278,24925140,35181708,8454,112,428721754,322030204,0.05813826746006455,0.10924971497394077
2014-03-01,8491,0.25968672712283597,0.894240961017548,90956039,14732520,8491,76,362865580,211279011,0.2506604208643873,0.06973016358922657
2014-03-02,8532,0.2694561650257853,0.9108063759962494,10004763,29371062,8532,95,276202230,246199417,0.03622260037509473,0.1192978535769644
2014-03-03,8595,0.2753926701570681,0.9007562536358348,33630563,49030201,8595,100,505305862,513017360,0.06655486415077448,0.09557220636744145
2014-03-04,8638,0.27517943968511227,0.9025237323454504,39485711,10016052,8638,92,524146340,250562978,0.07533337159236865,0.03997418964265343
2014-03-05,8682,0.26364892881824464,0.9080856945404284,20328260,20883285,8682,85,454295491,209072753,0.04474677913983522,0.09988525381879866
2014-03-06,8748,0.2638317329675354,0.9093507087334248,87984803,14902437,8748,91,561787770,243149884,0.15661573230759368,0.06128909771554734
2014-03-07,8789,0.2646489930595062,0.9082944589828195,40321818,50193565,8789,104,380139779,291087220,0.10607103025647836,0.1724347946295959
2014-03-08,8823,0.26215572934376064,0.8950470361555026,10549049,11126738,8823,79,243274169,140323202,0.043362799442961,0.0792936438266282
2014-03-09,8858,0.27071573718672387,0.9144276360352224,10035781,20346150,8858,84,244752519,206312503,0.041003790445155744,0.09861811428849758
2014-03-10,8887,0.2735456284460448,0.9090806796444244,50229081,10637451,8887,70,497338076,308040624,0.10099584854629148,0.034532623852885067
2014-03-11,8940,0.2761744966442953,0.9118568232662192,86963982,99055696,8940,77,430500816,496039886,0.20200654393184705,0.19969300613862329
2014-03-12,8990,0.2625139043381535,0.9162402669632925,29806188,50777099,8990,80,377007897,416491268,0.07905985056859433,0.12191635912040298
2014-03-13,9019,0.26399822596740213,0.9144029271537865,20343939,17991883,9019,80,346286910,316973542,0.05874879590452899,0.05676146622988489
2014-03-14,9063,0.2609511199382103,0.9200044135495973,10246448,24535283,9063,65,315897431,311575572,0.03243599660675936,0.07874584917716207
2014-03-15,9092,0.2639683238011439,0.9179498460184777,18241010,27197062,9092,80,287407002,242799048,0.0634675212262226,0.11201469785005087
2014-03-16,9111,0.2682471737460213,0.9234990670617934,12132437,83354648,9111,67,269387391,390584547,0.045037137614210014,0.21340999955126233
2014-03-17,9167,0.2738082251554489,0.9025853605323443,29919264,51081377,9167,67,339008082,440624592,0.08825531186008716,0.11592947358689412
2014-03-18,9178,0.2734800610154718,0.90379167574635,55231856,100467501,9178,70,435479117,410240726,0.12683009091340652,0.24489889626414127
2014-03-19,9245,0.2647917793401839,0.9076257436452136,39464371,73209387,9245,89,359014064,429298917,0.10992430368967383,0.1705324288064766
2014-03-20,9313,0.26811983249221516,0.9098035004831956,92224370,38428145,9313,97,365011495,336076380,0.2526615497410568,0.11434348644198084
2014-03-21,9341,0.2694572315597902,0.9115726367626592,47869337,40793303,9341,101,282351818,259655286,0.16953790961600962,0.15710561347863336
2014-03-22,9352,0.268819503849444,0.9210863986313088,21084554,14805224,9352,75,191700135,138039412,0.10998716302416793,0.10725360087740739
2014-03-23,9394,0.27592080051096446,0.9199489035554609,20279208,31470027,9394,69,167456369,186443311,0.12110144344524752,0.16879139740229135
2014-03-24,9469,0.2822895765128313,0.9052698278593304,19458707,50584686,9469,100,313180334,437825259,0.06213259546495024,0.1155362441069212
2014-03-25,9493,0.2827346465816918,0.9095122722005688,11948765,14920978,9493,72,314345006,312710515,0.03801162662657348,0.04771498649477777
2014-03-26,9512,0.2723927670311186,0.9072750210260724,15173268,90934300,9512,70,272935544,450254233,0.055592861880972164,0.2019621212533942
2014-03-27,9553,0.27310792421228935,0.9088244530513975,26561860,53087642,9553,79,266231082,359071642,0.09976994346587977,0.14784693579338687
2014-03-28,9579,0.2752896962104604,0.906566447437102,10238774,22667865,9579,81,225966355,405443946,0.04531105526749768,0.055908751933861654
2014-03-29,9637,0.278198609525786,0.9180242814153783,9737434,15037489,9637,85,160250985,155006056,0.060763645228140095,0.0970122677013342
2014-03-30,9674,0.2856109158569361,0.9193715112673144,20293462,19885967,9674,88,205533934,264714811,0.0987353358399689,0.07512223031600601
2014-03-31,9738,0.28804682686383243,0.8967960566851509,22880426,19980626,9738,93,398884905,423852634,0.05736097233361087,0.04714050213971302
2014-04-01,9798,0.2908756889161053,0.8971218616044091,14915858,15074052,9798,102,453320585,277429358,0.03290355323264219,0.0543347398727715
2014-04-02,9812,0.28220546269873625,0.9018548715858133,15192251,73804084,9812,98,355347118,272612066,0.042753269213231665,0.27072933741678185
2014-04-03,9873,0.2830953104426213,0.9040818393598703,80005601,49146265,9873,114,363877120,266605457,0.21986983133207166,0.18434080664747984
2014-04-04,9858,0.28281598701562183,0.9094136741732602,5243187,11600991,9858,91,251895894,200192637,0.020814896649327678,0.05794913925830349
2014-04-05,9864,0.2839618815896188,0.9278183292781833,19538916,35631243,9864,75,202336542,163199682,0.09656642249030825,0.21832912027365348
2014-04-06,9885,0.2881133029843197,0.9297926150733434,10027476,6746669,9885,68,129477254,139576683,0.0774458500641356,0.048336648034543135
2014-04-07,9922,0.29338842975206614,0.9196734529328764,9790467,23676826,9922,82,196936223,176966561,0.04971389646281578,0.1337926547603533
2014-04-08,9951,0.2891166716912873,0.9002110340669279,9834343,19651804,9951,70,354770149,250015131,0.02772032265882663,0.07860245866479178
2014-04-09,10001,0.2896710328967103,0.9101089891010898,59760820,43652950,10001,68,383347565,289330278,0.1558920036442647,0.15087584438708485
2014-04-10,10042,0.2892850029874527,0.9132642899820753,20135624,14957178,10042,77,386567460,286914864,0.05208825388458718,0.052131067005298126
2014-04-11,10074,0.2910462576930713,0.912447885646218,5452140,59499298,10074,72,237829882,277077434,0.022924537295948372,0.21473888053979884
2014-04-12,10066,0.29048281343135307,0.9276773296244785,6903844,5379826,10066,55,177642053,123295320,0.038863793135739094,0.04363365941221451
2014-04-13,10138,0.29611363188005524,0.9167488656539752,29599395,9948810,10138,80,208172985,178934722,0.14218653299322195,0.05560022050946602
2014-04-14,10165,0.30083620265617317,0.9118544023610428,10045113,66659521,10165,87,309853269,415986984,0.0324189350411533,0.16024424696903497
2014-04-15,10181,0.2998723111678617,0.9090462626461054,40754231,27174126,10181,67,428681231,285293076,0.09506884848896031,0.09524986158444308
2014-04-16,10206,0.2956104252400549,0.9128943758573388,45532076,18080630,10206,68,387847838,255914640,0.11739675083608433,0.07065101863652662
2014-04-17,10215,0.2911404796867352,0.9162995594713657,56495597,18576280,10215,62,355792647,265341592,0.15878798360889115,0.07000892645582679
2014-04-18,10251,0.2923617208077261,0.9183494293239683,8960458,20145558,10251,65,239300383,225952909,0.037444394729614784,0.08915821482077047
2014-04-19,10263,0.29348143817597194,0.9193218357205496,100398176,5056496,10263,63,268729366,146374940,0.37360329276406656,0.034544820308722246
2014-04-20,10280,0.2992217898832685,0.9187743190661478,18337393,19956206,10280,58,191259529,161057781,0.09587701640737598,0.12390712125855007
2014-04-21,10318,0.30199651095173485,0.9055049428183757,13084150,38183799,10318,70,301134667,295635256,0.04344949762957714,0.12915847560481758
2014-04-22,10304,0.3027950310559006,0.9154697204968945,15251655,15168169,10304,48,285248757,268810141,0.05346791046665279,0.05642707132838415
2014-04-23,10330,0.29496611810261375,0.9093901258470475,10862946,14834380,10330,45,313677307,278470936,0.03463095913406321,0.05327083757135789
2014-04-24,10373,0.2990455991516437,0.9093801214691989,69103956,15327152,10373,64,318358891,224536754,0.2170630629568313,0.0682612166024276
2014-04-25,10409,0.3003170333365357,0.9088288980689788,8634005,10416526,10409,60,220927432,227764292,0.0390807285534374,0.0457337974646175
2014-04-26,10421,0.2990116111697534,0.9214086939833029,5243793,15262049,10421,52,151625415,158122962,0.03458386577210687,0.09652013095985389
2014-04-27,10446,0.3058587018954624,0.9193949837258281,11291297,12813723,10446,63,146837951,191915377,0.07689631272503931,0.06676756808288478
2014-04-28,10484,0.3102823349866463,0.9047119420068676,19889895,17463590,10484,71,324937272,327724735,0.061211491305928116,0.05328737240416107
2014-04-29,10457,0.30917089031270917,0.9080998374294731,15115827,10221544,10457,43,330607104,307578349,0.04572142224747838,0.03323232611538597
2014-04-30,10492,0.3012771635531834,0.908787647731605,21204325,58818215,10492,43,260091330,281835975,0.0815264584175105,0.20869661866268138
2014-05-01,10513,0.30419480643013413,0.9218110910301531,10049178,14998556,10513,54,193045106,143362755,0.05205611376648937,0.10461961337168779
2014-05-02,10516,0.3051540509699506,0.9234499809813618,5032173,17080014,10516,40,125336258,121222064,0.04014937959931754,0.1408985578730948
2014-05-03,10526,0.30638419152574575,0.925897776933308,12245189,15317892,10526,56,185094488,199568043,0.06615642168663607,0.0767552348048029
2014-05-04,10555,0.30753197536712457,0.9094268119374704,9144286,27722744,10555,50,303087562,413222034,0.030170442956019422,0.06708922012614651
2014-05-05,10612,0.31200527704485487,0.9091594421409724,10812642,16117942,10612,71,370924149,309330781,0.029150547434429783,0.05210584587765289
2014-05-06,10624,0.3151355421686747,0.9084149096385542,7135203,20211820,10624,45,318002728,341108696,0.022437552799861517,0.05925331202931279
2014-05-07,10656,0.3096846846846847,0.9146021021021021,63331037,31904038,10656,69,417327518,239372999,0.15175380071629976,0.1332816906388009
2014-05-08,10671,0.3099990628807047,0.9139724486927185,19823013,32634496,10671,43,392838756,273187499,0.05046094026425438,0.11945823333592581
2014-05-09,10715,0.31152589827344845,0.9139524031731218,32825400,36694709,10715,71,281479009,247743971,0.11661757697889294,0.1481154469748933
2014-05-10,10705,0.3115366651097618,0.9219990658570761,59406764,8819002,10705,50,287240171,147248328,0.20681913603233443,0.059892034903105996
2014-05-11,10753,0.3146098763135869,0.9189063517158003,10561706,8988940,10753,74,182424063,152945581,0.057896451960945526,0.058772145891550796
2014-05-12,10767,0.3190303705767623,0.914182223460574,13278189,38819708,10767,51,325108597,293952908,0.04084231891290158,0.1320609762431743
2014-05-13,10788,0.32007786429365964,0.9169447534297367,13965964,20200532,10788,56,275241493,257918375,0.05074076531041052,0.07832141467237455
2014-05-14,10790,0.3108433734939759,0.9180722891566265,10697557,56880844,10790,53,305474522,316225442,0.03501947373535787,0.17987434420282983
2014-05-15,10824,0.3107908351810791,0.9138026607538803,9815736,15269746,10824,53,313367089,238307643,0.03132344252015565,0.06407577116609726
2014-05-16,10849,0.3133007650474698,0.9142778136233755,10347586,30533077,10849,51,231967423,282094916,0.044607927553689294,0.10823689215299435
2014-05-17,10868,0.3119249171880751,0.9272175193227825,7992969,5088554,10868,56,170983868,145854372,0.04674691883798067,0.0348879086051668
2014-05-18,10874,0.31883391576236897,0.9279014162221814,5052531,14798366,10874,48,164419642,153440019,0.03072948547108502,0.09644397919424137
2014-05-19,10914,0.319956019791094,0.9091991936961701,5557185,13885078,10914,48,259077930,293791406,0.021449858735554973,0.04726168879153667
2014-05-20,10930,0.3175663311985361,0.9074107959743825,98278406,29877790,10930,51,453955303,260040720,0.216493574038059,0.11489658235064108
2014-05-21,10971,0.31473885698660103,0.911585087959165,16104265,15332154,10971,65,297799722,250223726,0.054077501791623565,0.06127378184752952
2014-05-22,10999,0.3173924902263842,0.9144467678879898,50609219,24083234,10999,68,344636549,251108485,0.14684809010201644,0.09590768706999288
2014-05-23,11029,0.31807054130020856,0.9146794813673044,29318088,24689208,11029,76,249546195,229000787,0.1174856142366747,0.1078127648530745
2014-05-24,11039,0.31886946281366063,0.9238155630038953,10087775,18168434,11039,45,160073254,154409868,0.0630197409493531,0.11766368455155987
2014-05-25,11053,0.32289876051750654,0.9194788745137067,10041344,20044780,11053,52,166943526,231004758,0.0601481485421603,0.08677215211298808
2014-05-26,11082,0.3282800938458762,0.9075076700956506,31184024,19947248,11082,55,344890868,274707572,0.09041707651128646,0.07261266172888747
2014-05-27,11084,0.32740887766149407,0.914741970407795,16233967,52431383,11084,50,299049555,321965845,0.054285207011928176,0.16284765547103297
2014-05-28,11081,0.3191047739373703,0.9088529916072556,7486480,58673656,11081,39,276134813,415891684,0.0271116847552286,0.14107917579809073
2014-05-29,11093,0.3213738393581538,0.9176958442260885,24738250,39772426,11093,35,320549863,313827800,0.07717442075462687,0.12673327856869276
2014-05-30,11100,0.32045045045045045,0.9131531531531532,19327117,39449939,11100,39,226547701,312802179,0.08531146824570954,0.12611785226726313
2014-05-31,11110,0.32394239423942395,0.9290729072907291,12811901,10035919,11110,32,146823669,142862063,0.08726046070950591,0.07024901355372419
2014-06-01,11116,0.32754587981288236,0.9239834472831954,7842065,15120304,11116,26,183489775,149829253,0.042738430520174765,0.10091690172145489
2014-06-02,11141,0.3318373575083027,0.9290009873440446,5875908,31660554,11141,45,158219402,170409506,0.03713772094777605,0.18579100863070397
2014-06-03,11180,0.32889087656529514,0.9061717352415026,14620262,46331130,11180,47,270887462,385622582,0.0539717190749862,0.12014630927397296
2014-06-04,11178,0.3269815709429236,0.9139380926820541,9863285,43175718,11178,34,274460744,303978838,0.035936960806314804,0.14203527549506587
2014-06-05,11221,0.32581766330986545,0.9208626682113894,28165778,49401331,11221,57,380042567,355645445,0.07411216649318128,0.1389061260154759
2014-06-06,11234,0.32828912230728147,0.9129428520562578,20587236,25194388,11234,42,301413900,274862067,0.06830221167636927,0.09166193165534188
2014-06-07,11237,0.3304262703568568,0.9271157782326244,10209831,20408354,11237,33,187801995,146203577,0.05436486976615983,0.13958860938128756
2014-06-08,11241,0.3332443732763989,0.9282092340539098,91562954,9695272,11241,38,302171269,169525332,0.30301674379240867,0.05719069761208313
2014-06-09,11292,0.3331562167906483,0.9148955012398158,30635663,17103151,11292,52,366114374,287520152,0.0836778481688348,0.05948505132954994
2014-06-10,11299,0.33622444464111867,0.9184883618019294,10214076,18909392,11299,42,354031597,298190025,0.02885074690098918,0.06341389857021541
2014-06-11,11333,0.33098032295067503,0.9193505691343863,34560882,19717277,11333,51,327661453,246127540,0.1054774117723271,0.0801099990679629
2014-06-12,11349,0.3317472905101771,0.9197286104502599,20174576,15000000,11349,52,332365185,236467885,0.06070002789251227,0.06343356096748613
2014-06-13,11379,0.3309605413480974,0.9162492310396344,5116860,78380054,11379,53,216923770,386799040,0.02358828633671635,0.20263766425066618
2014-06-14,11390,0.32985074626865674,0.9260755048287972,10126450,31443299,11390,46,181574530,229916191,0.055770211824312584,0.13675982915009235
2014-06-15,11407,0.33453142807048303,0.9243447006224248,4997434,5082745,11407,42,166080126,116623756,0.03009049981091657,0.04358241557577686
2014-06-16,11433,0.3366570453949095,0.9072859267034025,26346087,100930543,11433,48,387308484,492349489,0.06802352152967556,0.20499776125491215
2014-06-17,11451,0.3383110645358484,0.9039385206532181,10179942,55791701,11451,63,270350693,502560223,0.03765458074856867,0.11101495591305482
2014-06-18,11487,0.33133106990511013,0.903891355445286,30531791,44881538,11487,56,335262709,421920230,0.0910682583549726,0.10637446324865722
2014-06-19,11497,0.3356527789858224,0.9063233887100983,96616618,16486228,11497,46,338609087,284956260,0.28533380145229237,0.057855293300101564
2014-06-20,11502,0.3328986263258564,0.9047122239610502,17336463,19784023,11502,54,251582530,286583065,0.06890964567372782,0.06903416641175221
2014-06-21,11528,0.3376127689104788,0.9205412907702984,9878534,63367736,11528,61,177999186,231003775,0.0554976358150312,0.2743147206144142
2014-06-22,11541,0.3393986656268954,0.9212373277878867,6764066,37133623,11541,42,147180819,361285652,0.045957523853702706,0.10278189237362795
2014-06-23,11562,0.34362567029925617,0.9078879086663207,10172659,49695283,11562,40,232227670,373779624,0.043804680983967156,0.13295342979958694
2014-06-24,11577,0.3430076876565604,0.9108577351645504,13936482,51135805,11577,40,245450766,428471509,0.05677913427249194,0.11934470303368526
2014-06-25,11594,0.3390546834569605,0.9052095911678454,13021245,100816125,11594,46,264663201,547295931,0.04919930292840371,0.18420770060503153
2014-06-26,11622,0.3421097917742213,0.9009636895542936,10686550,36699411,11622,62,297628039,418742109,0.035905723250758644,0.08764203601983578
2014-06-27,11616,0.34013429752066116,0.9102961432506887,30040193,39533965,11616,42,264282703,399444352,0.11366689026182693,0.09897239703617089
2014-06-28,11630,0.34402407566638005,0.9179707652622527,9754146,35096929,11630,37,153826161,283400236,0.06341018937604508,0.12384227160629464
2014-06-29,11627,0.34755310914251314,0.9163154726068633,7380237,27468596,11627,33,158801540,261170799,0.04647459338240675,0.10517483618067118
2014-06-30,11682,0.349768875192604,0.8981338811847286,15258706,21163698,11682,50,334054112,456547794,0.045677348225547365,0.04635593091925005
2014-07-01,11718,0.3509131251066735,0.8961426864652671,10887778,25787183,11718,60,384428753,374164541,0.028321965812999426,0.06891936614592242
2014-07-02,11716,0.3479003072721065,0.9055991806077159,15110313,11129160,11716,49,384555819,328950951,0.03929289911486166,0.03383227793130776
2014-07-03,11734,0.3498380773819669,0.9122208965399693,35730314,21812051,11734,52,297894643,289009780,0.11994278796077579,0.07547167088947647
2014-07-04,11718,0.35014507595152755,0.9098822324628776,6763411,25486040,11718,48,211649838,264494550,0.03195566348602639,0.09635752419095214
2014-07-05,11736,0.35139740967961824,0.9145364689843217,7309168,28046165,11736,54,169383796,272535138,0.043151518460478946,0.10290843670954458
2014-07-06,11734,0.35435486620078405,0.9212544741776035,7905466,14780461,11734,45,199569025,195530758,0.03961269039621755,0.07559148827111896
2014-07-07,11770,0.35632965165675445,0.9116397621070518,9768925,15089498,11770,45,272182847,317612569,0.03589103835040714,0.04750913368293054
2014-07-08,11771,0.35859315266332514,0.9143658142893551,11725120,28471620,11771,40,224240103,340453063,0.052288238558292136,0.0836286204891627
2014-07-09,11772,0.35304111450900444,0.9126741420319402,46713667,14721191,11772,46,278005555,269642881,0.16803141577512723,0.054595140600059086
2014-07-10,11782,0.35028008827024276,0.9089288745544051,20571879,30486255,11782,39,283095921,326009240,0.0726675217619967,0.09351346912743945
2014-07-11,11804,0.3534395120298204,0.913842765164351,9774790,16652553,11804,37,208671021,240050748,0.04684306404002308,0.06937096900860314
2014-07-12,11823,0.35566269136428996,0.925568806563478,20435992,10245470,11823,47,177644343,149081488,0.11503879974382297,0.06872395853736045
2014-07-13,11871,0.3599528262151462,0.9224159716957291,22794948,25591646,11871,64,179759885,199459990,0.12680775802677,0.12830465899451815
2014-07-14,11902,0.3606116619055621,0.916652663417913,29439997,29272431,11902,62,254797524,284753279,0.11554271225963718,0.10279927628155601
2014-07-15,11901,0.3605579363078733,0.9195865893622385,43662587,29309280,11901,48,334810012,261722182,0.130410039828797,0.11198622820590728
2014-07-16,11916,0.3557401812688822,0.921366230278617,61163004,10184882,11916,57,394890140,234775948,0.1548861260501465,0.04338128367391365
2014-07-17,11915,0.35820394460763744,0.9198489299202686,9393954,24100000,11915,60,253011280,298279385,0.037128597586637245,0.08079673357245255
2014-07-18,11924,0.35575310298557533,0.9227608185172761,10905015,14970043,11924,55,208959595,208671287,0.05218719437123718,0.07173983165206625
2014-07-19,11940,0.3591289782244556,0.9338358458961474,47046536,27423179,11940,56,210318023,155464283,0.2236923651569319,0.17639536535861425
2014-07-20,11961,0.36234428559484994,0.9280160521695511,14562571,14395514,11961,54,176449304,174462836,0.08253118980849027,0.08251335545181668
2014-07-21,11987,0.3625594393926754,0.9204137815967298,101239645,100400916,11987,50,378088594,434191479,0.2677669906117295,0.23123649554624262
2014-07-22,12020,0.3638935108153078,0.9169717138103162,10125111,80555192,12020,52,243084133,369043423,0.04165270219426457,0.21828106661583832
2014-07-23,12017,0.3575767662478156,0.9186152949987517,28296134,26341571,12017,49,265461894,308353077,0.106592074567207,0.08542665199348733
2014-07-24,12030,0.35943474646716544,0.9197007481296758,26087950,60258644,12030,57,277044480,347622431,0.09416520408563997,0.17334509693938593
2014-07-25,12009,0.3563993671413107,0.92097593471563,7000414,14909491,12009,37,181641088,262874791,0.038539815396833564,0.0567170817075419
2014-07-26,12028,0.3594945128034586,0.9301629531094113,7150877,100418940,12028,39,128268053,282653341,0.0557494780091501,0.35527243245994394
2014-07-27,12040,0.3620431893687708,0.9258305647840531,15058217,12713904,12040,50,151406251,166610652,0.09945571533899218,0.07630907056290735
2014-07-28,12083,0.36414797649590336,0.9143424646197137,93210531,47289629,12083,53,371762756,345986909,0.25072584462979397,0.13668039966217335
2014-07-29,12073,0.36444959827714735,0.9189927938374887,9940865,20831570,12073,35,228093046,303480103,0.043582499222707564,0.06864229250640527
2014-07-30,12089,0.36049301017453883,0.9184382496484408,9958161,15363630,12089,54,209917272,250117716,0.0474385023448666,0.061425596897742345
2014-07-31,12101,0.360713990579291,0.9190975952400628,5044541,35223653,12101,48,191728916,277194379,0.026310799149357314,0.12707203200538203
2014-08-01,12111,0.36124184625547023,0.9133019568986871,35400077,10085041,12111,38,374884735,252540858,0.09442923036063339,0.03993429451324664
2014-08-02,12103,0.3634636040651078,0.9277864992150706,14340249,15379014,12103,39,189092130,172250225,0.07583736562700943,0.08928298352005055
2014-08-03,12136,0.3680784442979565,0.9265820698747528,16433575,13439823,12136,50,173825397,127125217,0.0945407016674324,0.10572114106991062
2014-08-04,12157,0.3681006827342272,0.9135477502673357,39861745,10006566,12157,40,330640884,322907524,0.12055903225809184,0.03098895273806008
2014-08-05,12174,0.3702973550188927,0.917200591424347,31286393,10003500,12174,44,394780870,221706539,0.0792500229304424,0.04512045537817899
2014-08-06,12189,0.3636885716629748,0.9191894330954139,39838840,18083598,12189,41,288821016,282346594,0.13793608426334183,0.06404751601147347
2014-08-07,12204,0.3669288757784333,0.9278105539167486,7966352,22380551,12204,45,247646474,253659514,0.032168243186858375,0.08823067838882637
2014-08-08,12195,0.36227962279622794,0.9253792537925379,10559688,47873023,12195,30,233903717,311648757,0.045145447603126374,0.15361210954549065
2014-08-09,12225,0.3667075664621677,0.9356237218813906,7602467,20314322,12225,44,160262764,163611708,0.04743751330783238,0.12416178675917251
2014-08-10,12227,0.36934652817534963,0.9308906518361004,54636517,8095488,12227,42,259534870,189909225,0.21051705691801645,0.04262819776132518
2014-08-11,12266,0.37118865155714986,0.9193706179683678,19823933,47995649,12266,42,331550471,418603336,0.05979159957218097,0.11465663283677223
2014-08-12,12307,0.3726334606321606,0.9234581945234419,14994844,33502173,12307,57,258493673,309754858,0.058008553269309614,0.10815705431163891
2014-08-13,12314,0.3687672567808998,0.9261003735585512,19989672,51723057,12314,62,261506619,303975517,0.07644040551034771,0.1701553385301093
2014-08-14,12301,0.3666368587919681,0.9241525079261849,25079319,15030658,12301,37,257702660,211939431,0.09731882084569868,0.07091959211686286
2014-08-15,12316,0.36554075998700875,0.9230269568041571,22435196,38331921,12316,40,244551620,236516007,0.0917401242322582,0.16206903493005445
2014-08-16,12346,0.367649441114531,0.932690750040499,24204473,49490791,12346,46,215059736,219214339,0.11254767373098608,0.2257643876115239
2014-08-17,12370,0.37105901374292644,0.9288601455133387,5945262,10132973,12370,51,149978271,139564084,0.03964082236952845,0.07260444599772532
2014-08-18,12401,0.3734376259979034,0.9179904846383357,15628533,15064567,12401,50,298499146,259169016,0.05235704426437455,0.05812641971060306
2014-08-19,12411,0.37152525985013296,0.9206349206349206,12107028,14918406,12411,51,266401973,254929877,0.04544646521818365,0.058519645384679644
2014-08-20,12436,0.3657928594403345,0.9230459954969443,47453506,6888040,12436,55,308378692,202452782,0.15388062544866102,0.03402294565653338
2014-08-21,12436,0.364425860405275,0.9203119974268253,13463281,13574241,12436,42,251763517,219963356,0.053475901355477175,0.0617113743254581
2014-08-22,12446,0.36590069098505545,0.9215008838180941,20301996,6853078,12446,43,246316056,179349206,0.08242254414791376,0.038210807579488255
2014-08-23,12459,0.36696364074163257,0.9332209647644273,5116917,29329415,12459,48,141412027,199377531,0.03618445409880165,0.14710491625056787
2014-08-24,12471,0.36941704755031674,0.931841873145698,5084765,20024041,12471,51,130195484,191080151,0.03905484924500146,0.10479393539939164
2014-08-25,12508,0.3700831467860569,0.9154940837863768,9585947,23561694,12508,60,309574223,312413411,0.03096493922234604,0.07541831806957865
2014-08-26,12517,0.3694175920747783,0.9200287608851961,35044198,19996472,12517,60,306945089,285478563,0.11417090305686566,0.07004544155562392
2014-08-27,12527,0.36616907479843536,0.9133072563263351,16694612,69546593,12527,52,302194801,468164147,0.05524453744655918,0.14855172794767643
2014-08-28,12557,0.36648881102174086,0.9182925858087123,5118624,30535507,12557,47,245082751,297893861,0.020885288659094576,0.10250465349468883
2014-08-29,12596,0.36678310574785644,0.9177516671959353,38109227,13776840,12596,72,267554713,273756380,0.14243526706255405,0.050325183288878965
2014-08-30,12603,0.36769023248432914,0.9284297389510434,39028956,18310329,12603,60,199708772,196374134,0.19542935249734547,0.09324206109548012
2014-08-31,12614,0.3709370540669098,0.9182654193752973,98452481,49173769,12614,56,275090213,292943033,0.3578916164494736,0.1678611998258378
