report_date,total_purchase_amt,direct_purchase_amt,purchase_bal_amt,purchase_bank_amt,share_amt,total_redeem_amt,consume_amt,transfer_amt,tftobal_amt,tftocard_amt,tBalance,yBalance,mfd_daily_yield,mfd_7daily_yield,Interest_O_N,Interest_1_W,Interest_2_W,Interest_1_M,Interest_3_M,Interest_6_M,Interest_9_M,Interest_1_Y,is_shibor_observed,days_since_observation
2013-07-01,32488348,32458786,21250722,11208064,29562,5525022,382160,5142862,5142862,0,252327861,225364535,1.5787,6.307,4.456,5.423,6.04,6.88,5.295,4.239,4.282,4.4125,True,0
2013-07-02,29037390,29007510,16561183,12446327,29880,2554548,350066,2204482,2204482,0,278810703,252327861,1.5461,6.174,3.786,4.75,5.074,5.8,5.211,4.2344,4.2808,4.407,True,0
2013-07-03,27270770,27234156,20493660,6740496,36614,5953867,454406,5499461,5499461,0,300127606,278810703,1.467,6.034,3.4,4.242,4.658,5.2,5.148,4.23,4.2796,4.4022,True,0
2013-07-04,18321185,18282230,12108178,6174052,38955,6410729,535391,5875338,5875338,0,312038062,300127606,1.4223,5.903,3.348,3.938,4.464,5.102,5.029,4.2287,4.2776,4.4,True,0
2013-07-05,11648749,11607991,6930431,4677560,40758,2763587,697926,2065661,2065661,0,320923224,312038062,1.3845,5.739,3.38,3.816,4.295,4.7885,4.939,4.2273,4.2749,4.4,True,0
2013-07-06,36751272,36709190,31533483,5175707,42082,1616635,300533,1316102,1316102,0,356057861,320923224,1.3674,5.582,3.38,3.816,4.295,4.7885,4.939,4.2273,4.2749,4.4,False,1
2013-07-07,8962232,8920335,5257768,3662567,41897,3982735,336880,3645855,3645855,0,361037358,356057861,1.3671,5.425,3.38,3.816,4.295,4.7885,4.939,4.2273,4.2749,4.4,False,2
2013-07-08,57258266,57218409,47490938,9727471,39857,8347729,852530,7495199,7495199,0,409947895,361037358,1.3129,5.279,3.256,3.656,3.686,4.3,4.794,4.2238,4.2741,4.4,True,0
2013-07-09,26798941,26755943,21541164,5214779,42998,3473059,765509,2707550,2707550,0,433273777,409947895,1.3096,5.15,3.249,3.596,3.604,4.298,4.723,4.2215,4.272,4.4,True,0
2013-07-10,30696506,30644691,20475437,10169254,51815,2597169,603737,1993432,1993432,0,461373114,433273777,1.2792,5.047,3.251,3.59,3.85,4.269,4.704,4.22,4.2707,4.4,True,0
2013-07-11,44075197,44021031,38701392,5319639,54166,3508800,981695,2527105,2527105,0,501939511,461373114,1.2616,4.959,3.3547,3.81,3.906,4.351,4.6955,4.2199,4.2705,4.4,True,0
2013-07-12,34183904,34126845,28358933,5767912,57059,8492573,1371072,7121501,7121501,0,527630842,501939511,1.2487,4.884,3.3,3.8,3.928,4.128,4.691,4.2189,4.2704,4.4,True,0
2013-07-13,15164717,15103661,8461168,6642493,61056,3482829,309654,3173175,3173175,0,539312730,527630842,1.2396,4.815,3.3,3.8,3.928,4.128,4.691,4.2189,4.2704,4.4,False,1
2013-07-14,22615303,22554354,18447507,4106847,60949,2784107,592038,2192069,2192069,0,559143926,539312730,1.2394,4.745,3.3,3.8,3.928,4.128,4.691,4.2189,4.2704,4.4,False,2
2013-07-15,48128555,48069686,28401224,19668462,58869,13107943,1521794,11586149,11586149,0,594164538,559143926,1.1985,4.682,3.2998,3.809,3.94,4.2705,4.6785,4.2185,4.2701,4.4,True,0
2013-07-16,50622847,50559618,39657799,10901819,63229,11864981,1529687,10335294,10335294,0,632922404,594164538,1.2214,4.634,3.013,3.706,4.0,4.424,4.6703,4.2176,4.27,4.4,True,0
2013-07-17,29015682,28946382,25167271,3779111,69300,10911513,2109498,8802015,8802015,0,651026573,632922404,1.1829,4.582,2.968,3.596,3.992,4.53,4.662,4.2166,4.27,4.4,True,0
2013-07-18,24234505,24160561,12633212,11527349,73944,11765356,3195410,8569946,8569946,0,663495722,651026573,1.1896,4.543,2.998,3.634,3.996,4.61,4.6578,4.2173,4.27,4.4,True,0
2013-07-19,33680124,33603190,25296006,8307184,76934,9244769,1204252,8040517,8040517,0,687931077,663495722,1.2032,4.518,3.04,3.745,4.057,4.669,4.6525,4.2173,4.27,4.4,True,0
2013-07-20,20439079,20360981,14965131,5395850,78098,4601143,1780862,2820281,2820281,0,703769013,687931077,1.1964,4.494,3.04,3.745,4.057,4.669,4.6525,4.2173,4.27,4.4,False,1
2013-07-21,21142394,21064648,14155152,6909496,77746,2681331,761299,1920032,1920032,0,722230076,703769013,1.1962,4.471,3.04,3.745,4.057,4.669,4.6525,4.2173,4.27,4.4,False,2
2013-07-22,40448896,40374049,33166661,7207388,74847,19144267,605231,18539036,18539036,0,743534705,722230076,1.1547,4.447,3.1035,3.925,4.099,4.806,4.6515,4.2173,4.27,4.4,True,0
2013-07-23,58136147,58056583,48105087,9951496,79564,24404051,2173231,22230820,22230820,0,777266801,743534705,1.1826,4.426,3.1355,3.959,4.11,4.99,4.6517,4.2173,4.27,4.4,True,0
2013-07-24,48422518,48337561,38512434,9825127,84957,36258592,712047,35546545,35546545,0,789430727,777266801,1.1805,4.424,3.23,4.011,4.131,5.293,4.661,4.2189,4.27,4.4,True,0
2013-07-25,57433418,57347209,42064761,15282448,86209,38212836,1557611,36655225,36655225,0,808651309,789430727,1.1645,4.411,3.3495,4.132,4.258,5.468,4.6601,4.2185,4.27,4.4,True,0
2013-07-26,44721817,44633279,33299638,11333641,88538,39192369,1035450,38156919,38156919,0,814180757,808651309,1.1777,4.397,3.55,4.351,4.62,5.722,4.667,4.2189,4.27,4.4,True,0
2013-07-27,17194451,17102400,10482577,6619823,92051,15058893,1922114,13136779,13136779,0,816316315,814180757,1.1728,4.384,3.55,4.351,4.62,5.722,4.667,4.2189,4.27,4.4,False,1
2013-07-28,36255382,36164421,32964064,3200357,90961,7683211,1161872,6521339,6521339,0,844888486,816316315,1.1726,4.371,3.55,4.351,4.62,5.722,4.667,4.2189,4.27,4.4,False,2
2013-07-29,53512076,53423360,41820041,11603319,88716,18599364,1202332,17397032,17397032,0,879801198,844888486,1.1515,4.369,3.703,5.057,5.5,5.988,4.671,4.2201,4.27,4.4,True,0
2013-07-30,47481243,47387817,33779762,13608055,93426,13048582,1318647,11729935,11729935,0,914233859,879801198,1.1958,4.377,3.641,4.972,5.34,5.889,4.667,4.2203,4.27,4.4,True,0
2013-07-31,54569637,54465204,46575247,7889957,104433,9534040,1191442,8342598,8342598,0,959269456,914233859,1.2088,4.392,3.699,4.971,5.453,5.34,4.6645,4.2199,4.27,4.4,True,0
2013-08-01,53369962,53261431,29717147,23544284,108531,18864468,1935577,16928891,16928891,0,993774950,959269456,1.2026,4.413,3.549,4.545,5.36,4.846,4.6635,4.2193,4.27,4.4,True,0
2013-08-02,38064536,37949861,25198904,12750957,114675,40150769,1140935,39009834,39009834,0,991688717,993774950,1.222,4.437,3.2539,4.314,4.55,4.642,4.6595,4.2198,4.27,4.4,True,0
2013-08-03,21595789,21479421,10093238,11386183,116368,20701797,1725397,18976400,18976400,0,992582709,991688717,1.2154,4.46,3.2539,4.314,4.55,4.642,4.6595,4.2198,4.27,4.4,False,1
2013-08-04,45745254,45630463,41159712,4470751,114791,8263965,1389042,6874923,6874923,0,1030063998,992582709,1.2152,4.483,3.2539,4.314,4.55,4.642,4.6595,4.2198,4.27,4.4,False,2
2013-08-05,43632203,43520180,18112798,25407382,112023,15797507,1757807,14039700,14039700,0,1057898694,1030063998,1.1875,4.503,3.1,4.356,4.31,4.575,4.655,4.2198,4.27,4.4,True,0
2013-08-06,50866184,50749514,38122413,12627101,116670,16401387,2956008,13445379,13445379,0,1092363491,1057898694,1.204,4.507,3.1,4.066,4.549,4.6005,4.6538,4.2193,4.27,4.4,True,0
2013-08-07,43908081,43781998,29774898,14007100,126083,29708706,1552975,28155731,28155731,0,1106562866,1092363491,1.2118,4.509,3.1005,3.873,4.361,4.58,4.6515,4.2197,4.27,4.4,True,0
2013-08-08,44493490,44364177,32476695,11887482,129313,29551691,1136867,28414824,28414824,0,1121504665,1106562866,1.2155,4.516,3.1641,3.7585,4.42,4.595,4.6504,4.2198,4.27,4.4,True,0
2013-08-09,33425186,33294291,26619531,6674760,130895,30131015,3500833,26630182,26630182,0,1124798836,1121504665,1.2174,4.513,2.914,3.64,4.3,4.535,4.6501,4.2198,4.27,4.4,True,0
2013-08-10,20615307,20482505,15003071,5479434,132802,26614408,1290443,25323965,25323965,0,1118799735,1124798836,1.2128,4.512,2.914,3.64,4.3,4.535,4.6501,4.2198,4.27,4.4,False,1
2013-08-11,55519543,55388879,49401320,5987559,130664,15372680,925608,14447072,14447072,0,1158946598,1118799735,1.2126,4.511,2.914,3.64,4.3,4.535,4.6501,4.2198,4.27,4.4,False,2
2013-08-12,94520502,94394024,77433832,16960192,126478,28586669,2062992,26523677,26523677,0,1224880431,1158946598,1.1886,4.511,2.9645,3.648,4.168,4.5,4.65,4.22,4.27,4.4,True,0
2013-08-13,48720919,48590757,28460439,20130318,130162,28790328,3646077,25144251,25144251,0,1244810922,1224880431,1.2143,4.517,3.2253,3.702,4.16,4.524,4.65,4.2198,4.27,4.4,True,0
2013-08-14,30541167,30394880,22991641,7403239,146287,15031683,2060843,12970840,12970840,0,1260320406,1244810922,1.2201,4.521,3.435,3.855,4.16,4.505,4.65,4.2198,4.27,4.4,True,0
2013-08-15,42421222,42271280,30267955,12003325,149942,52659327,6412165,46247162,46247162,0,1250082301,1260320406,1.2184,4.523,3.283,3.994,4.119,4.517,4.6502,4.2198,4.27,4.4,True,0
2013-08-16,41683536,41535972,29961502,11574470,147564,33739844,1588741,32151103,32151103,0,1258025993,1250082301,1.219,4.524,3.209,3.772,3.823,4.56,4.6503,4.2198,4.27,4.4,True,0
2013-08-17,17670519,17522875,10792404,6730471,147644,4674983,1555761,3119222,3119222,0,1271021529,1258025993,1.215,4.525,3.209,3.772,3.823,4.56,4.6503,4.2198,4.27,4.4,False,1
2013-08-18,59703092,59555804,48363051,11192753,147288,15218300,1049130,14169170,13607144,562026,1315506321,1271021529,1.2148,4.526,3.209,3.772,3.823,4.56,4.6503,4.2198,4.27,4.4,False,2
2013-08-19,109184209,109039743,93558910,15480833,144466,28339260,2827001,25512259,24585884,926375,1396351270,1315506321,1.1987,4.532,3.403,4.092,5.156,4.925,4.6573,4.2198,4.27,4.4,True,0
2013-08-20,53675509,53525266,32336915,21188351,150243,30131225,2331156,27800069,22614527,5185542,1419895554,1396351270,1.2288,4.54,3.854,4.428,5.467,5.218,4.6636,4.2198,4.2701,4.4,True,0
2013-08-21,38184446,38016570,22840717,15175853,167876,29983342,1487466,28495876,28056688,439188,1428096658,1419895554,1.2307,4.545,3.517,4.219,5.4,5.04,4.658,4.2198,4.27,4.4,True,0
2013-08-22,89130737,88961196,75601493,13359703,169541,25000672,2011337,22989335,4751853,18237482,1492226723,1428096658,1.2187,4.546,3.357,4.115,5.046,4.968,4.662,4.2198,4.27,4.4,True,0
2013-08-23,37878575,37707135,21923609,15783526,171440,25680323,2928413,22751910,16963681,5788229,1504424975,1492226723,1.2236,4.548,3.265,4.149,5.171,5.016,4.662,4.2198,4.27,4.4,True,0
2013-08-24,44367268,44188538,32022342,12166196,178730,14316598,3151997,11164601,5951141,5213460,1534475645,1504424975,1.2204,4.551,3.265,4.149,5.171,5.016,4.662,4.2198,4.27,4.4,False,1
2013-08-25,43306288,43128521,28531519,14597002,177767,18117808,1946279,16171529,8774008,7397521,1559664125,1534475645,1.2202,4.554,3.265,4.149,5.171,5.016,4.662,4.2198,4.27,4.4,False,2
2013-08-26,74496541,74325753,50885562,23440191,170788,20637986,3918170,16719816,7070763,9649053,1613522680,1559664125,1.185,4.546,3.037,4.023,5.196,5.007,4.6619,4.2198,4.2701,4.4,True,0
2013-08-27,45268028,45089370,33855884,11233486,178658,60137633,1713586,58424047,5683840,52740207,1598653075,1613522680,1.2131,4.538,3.006,4.209,5.382,4.974,4.6609,4.2198,4.2701,4.4,True,0
2013-08-28,46602319,46414328,26923896,19490432,187991,33696861,3193850,30503011,27302135,3200876,1611558533,1598653075,1.213,4.528,3.098,4.259,5.015,4.929,4.6586,4.2198,4.2701,4.4,True,0
2013-08-29,47518666,47312464,36868023,10444441,206202,35944968,9618879,26326089,6450910,19875179,1623132231,1611558533,1.3194,4.583,2.957,4.318,4.4,4.903,4.658,4.2198,4.2701,4.4,True,0
2013-08-30,56488844,56266206,37466526,18799680,222638,20630752,7687108,12943644,6673809,6269835,1658990323,1623132231,1.4113,4.686,3.034,3.7355,4.311,4.805,4.6572,4.2198,4.2701,4.4,True,0
2013-08-31,47655303,47459849,25669538,21790311,195454,22012016,3582164,18429852,16052130,2377722,1684633610,1658990323,1.2201,4.685,3.034,3.7355,4.311,4.805,4.6572,4.2198,4.2701,4.4,False,1
2013-09-01,56239802,56045782,36564187,19481595,194020,59339949,8984938,50355011,4349781,46005230,1681533463,1684633610,1.2199,4.685,3.034,3.7355,4.311,4.805,4.6572,4.2198,4.2701,4.4,False,2
2013-09-02,140844739,140622201,103991419,36630782,222538,17785524,4903664,12881860,6708784,6173076,1804592678,1681533463,1.4475,4.829,3.0188,3.742,4.15,4.6,4.6561,4.2198,4.2701,4.4,True,0
2013-09-03,80507880,80314060,51070577,29243483,193820,39328144,3826502,35501642,13629313,21872329,1845772414,1804592678,1.2339,4.84,3.0006,3.75,3.763,4.523,4.6558,4.2198,4.2701,4.4,True,0
2013-09-04,33366708,33149101,22039123,11109978,217607,27452600,5123201,22329399,4079727,18249672,1851686522,1845772414,1.2349,4.852,3.005,3.498,3.747,4.581,4.6566,4.2198,4.2701,4.4,True,0
2013-09-05,38716505,38491932,18051917,20440015,224573,21800904,4026090,17774814,5870621,11904193,1868602123,1851686522,1.2374,4.807,2.89,3.456,3.705,4.574,4.6566,4.22,4.2703,4.4,True,0
2013-09-06,38923186,38648043,17570388,21077655,275143,33417903,2960086,30457817,16081369,14376448,1874107406,1868602123,1.5058,4.859,2.95,3.469,3.716,4.484,4.6573,4.2198,4.27,4.4,True,0
2013-09-07,34076183,33848786,19377542,14471244,227397,20344424,4674119,15670305,8126616,7543689,1887839165,1874107406,1.2415,4.87,2.95,3.469,3.716,4.484,4.6573,4.2198,4.27,4.4,False,1
2013-09-08,38796909,38571047,23022708,15548339,225862,14919122,3458751,11460371,6590099,4870272,1911716952,1887839165,1.2381,4.88,2.95,3.469,3.716,4.484,4.6573,4.2198,4.27,4.4,False,2
2013-09-09,49312473,49051334,28145783,20905551,261139,45621186,5640803,39980383,22470137,17510246,1915408239,1911716952,1.44,4.876,2.92,3.554,3.714,4.598,4.6564,4.2198,4.27,4.4,True,0
2013-09-10,94684143,94427415,59214774,35212641,256728,37128363,4737939,32390424,14101974,18288450,1972964019,1915408239,1.4214,4.979,2.8955,3.625,3.746,4.862,4.6549,4.2198,4.27,4.4,True,0
2013-09-11,98944459,98709145,71068310,27640835,235314,71674082,4887487,66786595,8915582,57871013,2000234396,1972964019,1.2527,4.989,3.014,3.482,3.767,5.138,4.6559,4.2198,4.27,4.4,True,0
2013-09-12,68573684,68334304,43875535,24458769,239380,45147220,6134732,39012488,6425604,32586884,2023660860,2000234396,1.2598,5.001,2.967,3.494,3.8,5.374,4.6563,4.2198,4.27,4.4,True,0
2013-09-13,71655946,71385620,41601351,29784269,270326,60512675,6513431,53999244,23753632,30245612,2034804131,2023660860,1.3805,4.932,2.979,3.57,3.852,5.4834,4.6571,4.22,4.27,4.4,True,0
2013-09-14,30975443,30726657,14850336,15876321,248786,36312660,2449865,33862795,9025416,24837379,2029466914,2034804131,1.2613,4.943,2.979,3.57,3.852,5.4834,4.6571,4.22,4.27,4.4,False,1
2013-09-15,37059683,36813279,22142657,14670622,246404,25020715,2993592,22027123,15270867,6756256,2041505882,2029466914,1.2611,4.956,2.979,3.57,3.852,5.4834,4.6571,4.22,4.27,4.4,False,2
2013-09-16,161656210,161382323,134330619,27051704,273887,45184589,4585488,40599101,10354185,30244916,2157977503,2041505882,1.4143,4.942,3.008,3.469,3.592,5.67,4.6569,4.22,4.27,4.4,True,0
2013-09-17,76204815,75960756,50504307,25456449,244059,58260798,3075100,55185698,18859824,36325874,2175921520,2157977503,1.2495,4.848,3.493,3.583,3.64,5.836,4.6579,4.22,4.27,4.4,True,0
2013-09-18,42926608,42645589,27232465,15413124,281019,47203221,2788140,44415081,23818473,20596608,2171644907,2175921520,1.3366,4.894,3.557,3.749,3.9325,5.913,4.6584,4.22,4.27,4.4,True,0
2013-09-19,24778048,24509091,12890601,11618490,268957,11418512,2197881,9220631,6772365,2448266,2185004443,2171644907,1.2594,4.893,3.557,3.749,3.9325,5.913,4.6584,4.22,4.27,4.4,False,1
2013-09-20,28365762,28094290,18054480,10039810,271472,15188254,2462918,12725336,3457926,9267410,2198181951,2185004443,1.2592,4.827,3.557,3.749,3.9325,5.913,4.6584,4.22,4.27,4.4,False,2
2013-09-21,32406340,32133842,18601415,13532427,272498,26596179,2655841,23940338,17880107,6060231,2203992112,2198181951,1.2569,4.825,3.557,3.749,3.9325,5.913,4.6584,4.22,4.27,4.4,False,3
2013-09-22,67514169,67243692,36029859,31213833,270477,47962055,4795752,43166303,22340098,20826205,2223544226,2203992112,1.2567,4.822,3.573,3.991,4.007,5.948,4.6617,4.22,4.27,4.4,True,0
2013-09-23,54658160,54396879,22328835,32068044,261281,58285879,13664826,44621053,30024517,14596536,2219916507,2223544226,1.2346,4.724,3.815,4.232,4.35,6.004,4.6717,4.22,4.27,4.4,True,0
2013-09-24,74250859,73973408,48700610,25272798,277451,56680792,6876331,49804461,22552195,27252266,2237486574,2219916507,1.3281,4.767,3.6144,4.44,4.8033,6.1089,4.6731,4.22,4.27,4.4,True,0
2013-09-25,47274168,46973702,20104663,26869039,300466,74838162,3878952,70959210,41253857,29705353,2209922580,2237486574,1.3895,4.796,3.347,3.916,5.1825,5.856,4.6715,4.22,4.27,4.4,True,0
2013-09-26,68718693,68406175,50986446,17419729,312518,48467529,8338252,40129277,21599517,18529760,2230173744,2209922580,1.4449,4.897,3.112,4.055,5.571,5.435,4.6732,4.22,4.27,4.4,True,0
2013-09-27,42166121,41868120,27267839,14600281,298001,27639603,3797939,23841664,11564733,12276931,2244700262,2230173744,1.3799,4.963,3.1477,3.646,5.6528,5.33,4.6722,4.22,4.27,4.4,True,0
2013-09-28,39995798,39706452,14563705,25142747,289346,58105720,6761391,51344329,16876243,34468086,2226590340,2244700262,1.3138,4.994,3.1477,3.646,5.6528,5.33,4.6722,4.22,4.27,4.4,False,1
2013-09-29,34433848,34151131,14055266,20095865,282717,40295202,6378811,33916391,22588058,11328333,2220728986,2226590340,1.3136,5.026,3.15,3.749,5.778,5.3,4.6732,4.22,4.27,4.4,True,0
2013-09-30,28398050,28118755,8182452,19936303,279295,30181353,9842291,20339062,14254160,6084902,2218945683,2220728986,1.3162,5.07,3.126,4.203,4.774,5.3,4.6704,4.22,4.27,4.4,True,0
2013-10-01,19137499,18857154,6502928,12354226,280345,12813267,2004563,10808704,7433180,3375524,2225269915,2218945683,1.3181,5.065,3.126,4.203,4.774,5.3,4.6704,4.22,4.27,4.4,False,1
2013-10-02,11562708,11272068,4072819,7199249,290640,7233874,2386169,4847705,2880222,1967483,2229598749,2225269915,1.3179,5.026,3.126,4.203,4.774,5.3,4.6704,4.22,4.27,4.4,False,2
2013-10-03,10101194,9809448,4241086,5568362,291746,6223263,1502285,4720978,1589382,3131596,2233476680,2229598749,1.3177,4.956,3.126,4.203,4.774,5.3,4.6704,4.22,4.27,4.4,False,3
2013-10-04,19907689,19615445,8598422,11017023,292244,23412350,4280664,19131686,11492105,7639581,2229972019,2233476680,1.3175,4.922,3.126,4.203,4.774,5.3,4.6704,4.22,4.27,4.4,False,4
2013-10-05,26364686,26074038,16185006,9889032,290648,13966453,1514007,12452446,10249721,2202725,2242370252,2229972019,1.3173,4.924,3.126,4.203,4.774,5.3,4.6704,4.22,4.27,4.4,False,5
2013-10-06,38730653,38442637,26616850,11825787,288016,13464528,2931570,10532958,8922594,1610364,2267636377,2242370252,1.3111,4.922,3.126,4.203,4.774,5.3,4.6704,4.22,4.27,4.4,False,6
2013-10-07,42797733,42511148,29976033,12535115,286585,28894400,6620676,22273724,7474553,14799171,2281539710,2267636377,1.3109,4.919,3.126,4.203,4.774,5.3,4.6704,4.22,4.27,4.4,False,7
2013-10-08,109806912,109484867,70814343,38670524,322045,77856096,7122908,70733188,11651151,59082037,2313490526,2281539710,1.4756,5.006,3.052,4.393,4.78,5.178,4.6685,4.22,4.27,4.4,True,0
2013-10-09,72422299,72136946,38830790,33306156,285353,33999376,8883001,25116375,10678490,14437885,2351913449,2313490526,1.2935,4.992,3.232,4.502,4.816,5.213,4.6682,4.22,4.27,4.4,True,0
2013-10-10,72094613,71796476,36544934,35251542,298137,52244531,7061370,45183161,11880117,33303044,2371763531,2351913449,1.3088,4.987,3.328,4.48,4.939,5.1,4.6681,4.22,4.27,4.4,True,0
2013-10-11,82674757,82372594,43296363,39076231,302163,27666473,3564500,24101973,12783375,11318598,2426771815,2371763531,1.3122,4.985,3.1,4.26,4.847,5.0,4.6679,4.22,4.27,4.4,True,0
2013-10-12,81901136,81593823,42609762,38984061,307313,31322983,6943327,24379656,6524375,17855281,2477349968,2426771815,1.3082,4.98,3.027,4.246,4.798,4.805,4.6673,4.22,4.27,4.4,True,0
2013-10-13,71149981,70845311,32822745,38022566,304670,31850475,4273577,27576898,10611383,16965515,2516649474,2477349968,1.308,4.978,3.027,4.246,4.798,4.805,4.6673,4.22,4.27,4.4,False,1
2013-10-14,130315300,130020702,75489865,54530837,294598,40652625,7783174,32869451,14896890,17972561,2606312149,2516649474,1.2777,4.96,3.113,3.855,4.65,4.85,4.6661,4.22,4.27,4.4,True,0
2013-10-15,85704304,85388933,41656981,43731952,315371,35099198,7010950,28088248,10639886,17448362,2656917255,2606312149,1.3456,4.889,3.117,3.845,3.883,4.713,4.6655,4.22,4.27,4.4,True,0
2013-10-16,100948091,100610077,49684423,50925654,338014,51261982,8108405,43153577,8534326,34619251,2706603364,2656917255,1.313,4.899,3.055,3.314,3.357,4.857,4.6654,4.22,4.27,4.4,True,0
2013-10-17,87203217,86867001,35808629,51058372,336216,23274764,5594997,17679767,4512267,13167500,2770531817,2706603364,1.2908,4.889,3.038,3.35,3.391,4.73,4.6681,4.22,4.27,4.4,True,0
2013-10-18,98151450,97805294,49716816,48088478,346156,15938355,4197983,11740372,9265936,2474436,2852744912,2770531817,1.2917,4.878,3.001,3.485,3.573,4.613,4.6695,4.22,4.27,4.4,True,0
2013-10-19,53148443,52794624,17807708,34986916,353819,26684697,7939723,18744974,7947251,10797723,2879208658,2852744912,1.2859,4.866,3.001,3.485,3.573,4.613,4.6695,4.22,4.27,4.4,False,1
2013-10-20,47766681,47414924,23808286,23606638,351757,50884342,4669856,46214486,3590393,42624093,2876090997,2879208658,1.2857,4.854,3.001,3.485,3.573,4.613,4.6695,4.22,4.27,4.4,False,2
2013-10-21,106030290,105669458,38771841,66897617,360832,45781403,15776938,30004465,12306385,17698080,2936339884,2876090997,1.34,4.888,3.06,3.548,3.67,4.683,4.6775,4.22,4.27,4.4,True,0
2013-10-22,145611496,145262654,80208449,65054205,348842,96172537,17065810,79106727,39792495,39314232,2985778843,2936339884,1.2698,4.846,3.052,3.558,3.6,4.707,4.6813,4.22,4.27,4.4,True,0
2013-10-23,106093112,105727597,55822529,49905068,365515,73788462,12090715,61697747,24671186,37026561,3018083493,2985778843,1.273,4.825,3.78,3.992,3.871,4.814,4.6843,4.22,4.27,4.4,True,0
2013-10-24,69530830,69158484,20287230,48871254,372346,58183921,7363228,50820693,24085834,26734859,3029430402,3018083493,1.2811,4.819,4.088,4.68,4.882,5.4,4.6876,4.2201,4.27,4.4,True,0
2013-10-25,69936453,69558797,26323562,43235235,377656,52225802,11129979,41095823,15388480,25707343,3047141053,3029430402,1.2758,4.811,4.367,4.891,5.862,6.422,4.691,4.2201,4.27,4.4,True,0
2013-10-26,55752506,55373965,14759985,40613980,378541,49357211,4620277,44736934,3869269,40867665,3053536348,3047141053,1.2731,4.804,4.367,4.891,5.862,6.422,4.691,4.2201,4.27,4.4,False,1
2013-10-27,68007543,67634331,36450109,31184222,373212,46520570,11575035,34945535,22721764,12223771,3075023321,3053536348,1.2729,4.797,4.367,4.891,5.862,6.422,4.691,4.2201,4.27,4.4,False,2
2013-10-28,129993375,129632574,67259575,62372999,360801,55089464,12996206,42093258,16468981,25624277,3149927232,3075023321,1.2428,4.743,4.434,4.894,6.396,6.477,4.6975,4.2201,4.27,4.4,True,0
2013-10-29,102050144,101671985,50888468,50783517,378159,43052468,5155539,37896929,22855535,15041394,3208924908,3149927232,1.289,4.754,4.446,4.947,6.452,6.162,4.6966,4.22,4.27,4.4,True,0
2013-10-30,109663260,109262475,57375950,51886525,400785,63908701,7047733,56860968,22494418,34366550,3254679467,3208924908,1.2902,4.763,5.23,5.593,6.349,5.924,4.6965,4.2195,4.27,4.4,True,0
2013-10-31,90926701,90518963,33377309,57141654,407738,55607833,9967594,45640239,9460426,36179813,3289998335,3254679467,1.2965,4.772,4.59,4.993,5.51,5.334,4.6948,4.22,4.27,4.4,True,0
2013-11-01,150904945,150490888,97662024,52828864,414057,66933119,8910803,58022316,20798916,37223400,3373970161,3289998335,1.2919,4.781,4.2883,4.61,5.03,5.162,4.6925,4.22,4.27,4.4,True,0
2013-11-02,62132300,61714348,23865307,37849041,417952,26705506,9215431,17490075,7143672,10346403,3409396955,3373970161,1.2911,4.79,4.2883,4.61,5.03,5.162,4.6925,4.22,4.27,4.4,False,1
2013-11-03,68707870,68291959,30519678,37772281,415911,30895754,8410792,22484962,14516429,7968533,3447209071,3409396955,1.291,4.8,4.2883,4.61,5.03,5.162,4.6925,4.22,4.27,4.4,False,2
2013-11-04,300027403,299614565,237955005,61659560,412838,130970051,7225760,123744291,8145407,115598884,3616266423,3447209071,1.2888,4.825,4.0971,4.423,4.5,4.605,4.6921,4.22,4.27,4.4,True,0
2013-11-05,180904814,180478015,64596913,115881102,426799,82689864,12228633,70461231,14710337,55750894,3714481373,3616266423,1.2938,4.828,3.9147,4.232,4.557,4.6155,4.693,4.22,4.27,4.4,True,0
2013-11-06,181474910,181014598,38422060,142592538,460312,131707820,19226831,112480989,49152384,63328605,3764248463,3714481373,1.2917,4.829,3.66,3.866,4.55,4.869,4.6926,4.22,4.27,4.4,True,0
2013-11-07,167963464,167495139,39534732,127960407,468325,83306452,13495904,69810548,18133158,51677390,3848905475,3764248463,1.2935,4.827,3.73,3.891,4.552,4.974,4.6933,4.2204,4.27,4.4,True,0
2013-11-08,231749471,231270156,124106307,107163849,479315,92856307,10129799,82726508,13757231,68969277,3987798639,3848905475,1.292,4.827,3.761,3.939,4.5805,5.077,4.6944,4.2201,4.27,4.4,True,0
2013-11-09,126467028,125980699,36733104,89247595,486329,45885771,10908069,34977702,7874091,27103611,4068379896,3987798639,1.2891,4.826,3.761,3.939,4.5805,5.077,4.6944,4.2201,4.27,4.4,False,1
2013-11-10,164813471,164328004,48481839,115846165,485467,85293644,21808380,63485264,25181514,38303750,4147899723,4068379896,1.2889,4.825,3.761,3.939,4.5805,5.077,4.6944,4.2201,4.27,4.4,False,2
2013-11-11,147986439,147425452,69094170,78331282,560987,227124951,180655486,46469465,7155297,39314168,4068761211,4147899723,1.4962,4.938,3.6,3.78,4.458,5.269,4.6962,4.22,4.27,4.4,True,0
2013-11-12,148469647,147913613,75656414,72257199,556034,131263524,12308127,118955397,13535932,105419465,4085967334,4068761211,1.4577,5.028,3.329,3.545,4.305,4.865,4.6978,4.22,4.27,4.4,True,0
2013-11-13,174554976,174000238,104660075,69340163,554738,79121440,14898738,64222702,36973694,27249008,4181400870,4085967334,1.4097,5.093,3.336,3.635,4.359,5.251,4.699,4.22,4.27,4.4,True,0
2013-11-14,167996058,167462695,85700589,81762106,533363,52554150,8088009,44466141,22737277,21728864,4296842778,4181400870,1.3294,5.112,4.188,4.193,4.485,5.325,4.6997,4.2202,4.27,4.4,True,0
2013-11-15,124270704,123661256,44129861,79531395,609448,58210254,9874031,48336223,13669346,34666877,4362903228,4296842778,1.4738,5.212,4.454,5.311,5.902,5.949,4.706,4.2207,4.27,4.4,True,0
2013-11-16,118085705,117530834,62614420,54916414,554871,28996272,7299663,21696609,15626737,6069872,4451992661,4362903228,1.3102,5.224,4.454,5.311,5.902,5.949,4.706,4.2207,4.27,4.4,False,1
2013-11-17,111786622,111233475,45938489,65294986,553147,42358155,10008509,32349646,17699482,14650164,4521421128,4451992661,1.31,5.235,4.454,5.311,5.902,5.949,4.706,4.2207,4.27,4.4,False,2
2013-11-18,195766477,195210552,94427782,100782770,555925,136916782,14312742,122604040,41227427,81376613,4580270823,4521421128,1.321,5.139,4.513,5.357,6.198,6.405,4.7095,4.2206,4.27,4.4,True,0
2013-11-19,131365419,130801756,47990602,82811154,563663,70308235,14639949,55668286,15545895,40122391,4641328007,4580270823,1.3377,5.073,4.075,4.83,5.532,6.121,4.71,4.2206,4.27,4.4,True,0
2013-11-20,166163002,165560984,56087750,109473234,602018,86951218,13264281,73686937,22879788,50807149,4720539791,4641328007,1.3352,5.033,4.057,4.751,5.43,6.179,4.7092,4.2207,4.27,4.4,True,0
2013-11-21,221166938,220554500,118123549,102430951,612438,74733962,8839246,65894716,16100622,49794094,4866972767,4720539791,1.3442,5.041,3.889,4.708,5.599,6.283,4.711,4.2207,4.27,4.4,True,0
2013-11-22,128528687,127901717,42947137,84954580,626970,82717921,20387183,62330738,24678325,37652413,4912783533,4866972767,1.3502,4.973,3.899,4.763,5.916,6.378,4.7118,4.2207,4.27,4.4,True,0
2013-11-23,89109018,88464354,28994052,59470302,644664,48882131,6482889,42399242,11475436,30923806,4953010420,4912783533,1.3469,4.993,3.899,4.763,5.916,6.378,4.7118,4.2207,4.27,4.4,False,1
2013-11-24,102394991,101754797,57943382,43811415,640194,85555947,7319621,78236326,9204891,69031435,4969849464,4953010420,1.3467,5.013,3.899,4.763,5.916,6.378,4.7118,4.2207,4.27,4.4,False,2
2013-11-25,147143602,146505434,74040394,72465040,638168,70113127,23796084,46317043,9657210,36659833,5046879939,4969849464,1.361,5.035,3.847,4.74,6.165,6.378,4.7132,4.2207,4.27,4.4,True,0
2013-11-26,258037702,257385328,167619964,89765364,652374,65802983,16533187,49269796,10910790,38359006,5239114658,5046879939,1.3774,5.057,3.746,4.6775,5.95,6.582,4.7156,4.2207,4.27,4.4,True,0
2013-11-27,134774128,134089685,57779508,76310177,684443,86129498,13441519,72687979,8395361,64292618,5287759288,5239114658,1.3755,5.079,3.764,4.663,5.968,6.704,4.7211,4.2207,4.27,4.4,True,0
2013-11-28,139760425,139046863,58319586,80727277,713562,61453591,12326030,49127561,20095247,29032314,5366066122,5287759288,1.3862,5.102,3.746,4.823,6.295,6.555,4.7181,4.2207,4.27,4.4,True,0
2013-11-29,122536344,121810671,43456530,78354141,725673,123982166,12980677,111001489,15313495,95687994,5364620300,5366066122,1.3879,5.123,3.726,4.666,6.066,6.365,4.7229,4.2207,4.27,4.4,True,0
2013-11-30,116865492,116137403,58697397,57440006,728089,119660311,10367540,109292771,21919187,87373584,5361825481,5364620300,1.3878,5.145,3.726,4.666,6.066,6.365,4.7229,4.2207,4.27,4.4,False,1
2013-12-01,137889992,137174775,59786618,77388157,715217,94632233,20461768,74170465,15707290,58463175,5405083240,5361825481,1.3876,5.168,3.726,4.666,6.066,6.365,4.7229,4.2207,4.27,4.4,False,2
2013-12-02,345313258,344606438,181458812,163147626,706820,128465086,31233938,97231148,47382011,49849137,5621931412,5405083240,1.3882,5.182,3.748,4.571,5.93,6.263,4.7197,4.2207,4.27,4.4,True,0
2013-12-03,268666856,267952466,96712045,171240421,714390,101662045,25720023,75942022,22917759,53024263,5788936223,5621931412,1.399,5.194,3.725,4.6,5.913,6.28,4.7365,4.2216,4.2701,4.4,True,0
2013-12-04,219456372,218681591,102384322,116297269,774781,69981329,15845867,54135462,7852080,46283382,5938411266,5788936223,1.3982,5.207,3.7235,4.577,5.75,6.235,4.7778,4.232,4.2706,4.4,True,0
2013-12-05,190825287,190022709,69146648,120876061,802578,118256819,13825962,104430857,39525525,64905332,6010979734,5938411266,1.4025,5.216,3.703,4.558,5.509,6.08,4.885,4.2432,4.2707,4.4,True,0
2013-12-06,152197159,151391317,55634193,95757124,805842,82625571,10624967,72000604,27086231,44914373,6080551322,6010979734,1.3848,5.214,3.7,4.55,5.058,5.596,5.167,4.2513,4.2739,4.405,True,0
2013-12-07,138882605,138063886,70946815,67117071,818719,71916047,14079254,57836793,7621422,50215371,6147517880,6080551322,1.3815,5.211,3.7,4.55,5.058,5.596,5.167,4.2513,4.2739,4.405,False,1
2013-12-08,124886903,124072382,39666888,84405494,814521,76314292,19207555,57106737,7934169,49172568,6196090491,6147517880,1.3809,5.207,3.7,4.55,5.058,5.596,5.167,4.2513,4.2739,4.405,False,2
2013-12-09,174652812,173818023,58079956,115738067,834789,133355299,20902701,112452598,12725637,99726961,6237388004,6196090491,1.4227,5.226,3.62,4.485,4.882,5.45,5.2581,4.3302,4.3553,4.4689,True,0
2013-12-10,179471612,178632183,64157045,114475138,839429,147147341,15768961,131378380,27083516,104294864,6269712275,6237388004,1.4271,5.241,3.558,4.444,4.72,5.296,5.338,4.3995,4.4319,4.5237,True,0
2013-12-11,239916977,239051211,138677071,100374140,865766,110314592,16209163,94105429,32858604,61246825,6399314660,6269712275,1.42,5.253,3.51,4.329,4.55,5.238,5.332,4.4612,4.4969,4.5771,True,0
2013-12-12,140360007,139456440,37802740,101653700,903567,92090275,44454483,47635792,11324110,36311682,6447584392,6399314660,1.4663,5.288,3.46,4.305,4.51,5.4155,5.3222,4.5197,4.5547,4.6247,True,0
2013-12-13,164672690,163756758,51626995,112129763,915932,90778214,31197293,59580921,23943149,35637772,6521478868,6447584392,1.4527,5.325,3.4321,4.3,4.41,5.423,5.335,4.5736,4.6072,4.6657,True,0
2013-12-14,129045596,128124144,60894040,67230104,921452,52234651,15765191,36469460,13547421,22922039,6598289813,6521478868,1.4493,5.363,3.4321,4.3,4.41,5.423,5.335,4.5736,4.6072,4.6657,False,1
2013-12-15,205882387,204965245,126617857,78347388,917142,54757146,18057269,36699877,8502234,28197643,6749415054,6598289813,1.4491,5.4,3.4321,4.3,4.41,5.423,5.335,4.5736,4.6072,4.6657,False,2
2013-12-16,196489931,195558740,76785117,118773623,931191,156157326,32671212,123486114,31097965,92388149,6789747659,6749415054,1.4771,5.43,3.447,4.358,4.389,5.557,5.331,4.6207,4.6553,4.7045,True,0
2013-12-17,193980797,193053100,62804752,130248348,927697,116537843,12025370,104512473,14476061,90036412,6867190613,6789747659,1.4532,5.444,3.47,4.459,4.552,6.235,5.3537,4.6608,4.6957,4.7335,True,0
2013-12-18,180215804,179244717,44534059,134710658,971087,202220872,10725473,191495399,50257836,141237563,6845185545,6867190613,1.4542,5.463,3.588,5.902,5.079,6.765,5.385,4.7054,4.7423,4.7634,True,0
2013-12-19,233631357,232618878,97470048,135148830,1012479,164023344,15536057,148487287,21715384,126771903,6914793558,6845185545,1.5167,5.491,3.846,6.472,6.218,7.1012,5.4239,4.7487,4.7816,4.8013,True,0
2013-12-20,133867400,132849845,39915508,92934337,1017555,153678963,19964515,133714448,33286473,100427975,6894981995,6914793558,1.513,5.524,3.927,7.654,7.003,7.53,5.458,4.7818,4.8135,4.8353,True,0
2013-12-21,112000779,110979622,43066009,67913613,1021157,83151594,10610110,72541484,22399613,50141871,6923831180,6894981995,1.5109,5.558,3.927,7.654,7.003,7.53,5.458,4.7818,4.8135,4.8353,False,1
2013-12-22,154543217,153531785,70446218,83085567,1011432,83998249,20715917,63282332,16987033,46295299,6994376148,6923831180,1.5107,5.592,3.927,7.654,7.003,7.53,5.458,4.7818,4.8135,4.8353,False,2
2013-12-23,198747367,197669761,70138872,127530889,1077606,138478245,24846016,113632229,40662170,72970059,7054645270,6994376148,1.6189,5.67,4.515,8.843,8.246,7.656,5.516,4.8151,4.8422,4.8656,True,0
2013-12-24,305406334,304333324,189794936,114538388,1073010,118607911,21559120,97048791,25956197,71092594,7241443693,7054645270,1.611,5.757,4.145,6.197,5.761,6.605,5.5174,4.8369,4.8622,4.8856,True,0
2013-12-25,380076148,378896458,207488097,171408361,1179690,172755480,27956029,144799451,25199652,119599799,7448764361,7241443693,1.7012,5.893,4.05,5.616,5.941,6.509,5.522,4.8588,4.8823,4.9034,True,0
2013-12-26,220287409,219035100,86180958,132854142,1252309,241852564,21372055,220480509,21879648,198600861,7427199206,7448764361,1.7674,6.032,4.001,5.329,6.14,6.57,5.538,4.8763,4.8982,4.9203,True,0
2013-12-27,211118967,209818922,71581657,138237265,1300045,163522548,22373377,141149171,16737992,124411179,7474795625,7427199206,1.803,6.192,3.513,5.067,5.949,6.492,5.5465,4.8942,4.9142,4.9361,True,0
2013-12-28,192808006,191506544,82079222,109427322,1301462,61383220,18517636,42865584,10339282,32526302,7606220411,7474795625,1.7889,6.346,3.513,5.067,5.949,6.492,5.5465,4.8942,4.9142,4.9361,False,1
2013-12-29,161473347,160179393,80308840,79870553,1293954,55129989,15925186,39204803,5655465,33549338,7712563769,7606220411,1.7886,6.5,3.513,5.067,5.949,6.492,5.5465,4.8942,4.9142,4.9361,False,2
2013-12-30,286358778,285062954,121679259,163383695,1295824,179826624,20652334,159174290,40393506,118780784,7819095923,7712563769,1.7947,6.598,3.205,4.841,5.907,6.122,5.553,4.9068,4.9277,4.9485,True,0
2013-12-31,265851934,264556746,115229028,149327718,1295188,134232530,23640780,110591750,19505479,91086271,7950715327,7819095923,1.7869,6.696,3.148,5.25,5.962,5.913,5.5565,4.9205,4.94,4.9606,True,0
2014-01-01,330926565,329555717,93419831,236135886,1370848,77367755,21750788,55616967,15782631,39834336,8204274137,7950715327,1.7807,6.74,3.148,5.25,5.962,5.913,5.5565,4.9205,4.94,4.9606,False,1
2014-01-02,434956739,433531489,145093807,288437682,1425250,190155450,22941048,167214402,26734732,140479670,8449075426,8204274137,1.8092,6.763,3.131,4.981,5.759,5.91,5.5657,4.9306,4.9501,4.9677,True,0
2014-01-03,342074805,340640596,143850914,196789682,1434209,127714255,23841309,103872946,27165547,76707399,8663435976,8449075426,1.7847,6.753,3.006,4.711,5.524,6.201,5.5661,4.9389,4.9582,4.9757,True,0
2014-01-04,186085910,184607251,49062116,135545135,1478659,99869074,21965772,77903302,10496655,67406647,8749652812,8663435976,1.7751,6.745,3.006,4.711,5.524,6.201,5.5661,4.9389,4.9582,4.9757,False,1
2014-01-05,206030707,204559800,61986069,142573731,1470907,156781996,20843557,135938439,37596243,98342196,8798901523,8749652812,1.7748,6.738,3.006,4.711,5.524,6.201,5.5661,4.9389,4.9582,4.9757,False,2
2014-01-06,442494042,441042872,198531158,242511714,1451170,190917629,25009899,165907730,35042141,130865589,9050477936,8798901523,1.774,6.726,2.92,4.633,5.433,6.475,5.5732,4.9476,4.966,4.9824,True,0
2014-01-07,589726496,588222460,231240835,356981625,1504036,137972793,27531206,110441587,23886191,86555396,9502231639,9050477936,1.8086,6.738,2.875,4.259,5.074,5.925,5.576,4.9547,4.9713,4.9869,True,0
2014-01-08,264025160,262398195,73458333,188939862,1626965,213880074,24398384,189481690,22175353,167306337,9552376725,9502231639,1.822,6.761,2.83,4.126,4.927,5.65,5.5821,4.9585,4.9742,4.9904,True,0
2014-01-09,280698487,279057823,115504758,163553065,1640664,140391237,25855665,114535572,27071650,87463922,9692683975,9552376725,1.7647,6.737,2.794,4.02,4.799,6.314,5.5837,4.964,4.9776,4.9929,True,0
2014-01-10,237797636,236112121,81263442,154848679,1685515,117259153,26458750,90800403,26710276,64090127,9813222458,9692683975,1.7878,6.738,2.766,4.041,4.75,5.675,5.5841,4.9673,4.9818,4.9934,True,0
2014-01-11,243403438,241731696,147087308,94644388,1671742,71530182,30620108,40910074,14724475,26185599,9985095714,9813222458,1.7439,6.721,2.766,4.041,4.75,5.675,5.5841,4.9673,4.9818,4.9934,False,1
2014-01-12,228255344,226592609,70170242,156422367,1662735,141505812,24005816,117499996,26923654,90576342,10071845246,9985095714,1.7434,6.703,2.766,4.041,4.75,5.675,5.5841,4.9673,4.9818,4.9934,False,2
2014-01-13,447207050,445546064,140961565,304584499,1660986,178923772,21903534,157020238,31182941,125837297,10340128524,10071845246,1.7584,6.695,2.738,4.013,4.636,6.465,5.5849,4.9715,4.984,4.9955,True,0
2014-01-14,356907128,355227951,136709487,218518464,1679177,159778389,29631300,130147089,26903661,103243428,10537257263,10340128524,1.7634,6.67,2.7395,4.0036,4.69,6.4842,5.5865,4.9742,4.9855,4.9977,True,0
2014-01-15,391408718,389643679,64750474,324893205,1765039,177618247,38808458,138809789,28292066,110517723,10751047734,10537257263,1.7295,6.618,2.7513,3.965,4.641,6.742,5.5846,4.9757,4.9896,4.9997,True,0
2014-01-16,374947083,373159557,106140501,267019056,1787526,153167426,23865821,129301605,26988051,102313554,10972827391,10751047734,1.723,6.595,2.7723,4.256,4.679,6.693,5.5812,4.9788,4.9913,4.9999,True,0
2014-01-17,345426853,343608394,88624595,254983799,1818459,127385210,21879996,105505214,18305723,87199491,11190869034,10972827391,1.7139,6.554,2.817,4.776,4.735,6.964,5.5868,4.9821,4.9918,5.0002,True,0
2014-01-18,233200688,231380252,89497089,141883163,1820436,142869842,36540346,106329496,31449193,74880303,11281199880,11190869034,1.6772,6.517,2.817,4.776,4.735,6.964,5.5868,4.9821,4.9918,5.0002,False,1
2014-01-19,185082022,183275869,45738067,137537802,1806153,117629351,29952235,87677116,21831199,65845917,11348652551,11281199880,1.6767,6.48,2.817,4.776,4.735,6.964,5.5868,4.9821,4.9918,5.0002,False,2
2014-01-20,335761027,333912224,66330226,267581998,1848803,442996084,45103607,397892477,36654039,361238438,11241417494,11348652551,1.7235,6.46,3.888,6.329,5.538,7.472,5.5893,4.9854,4.993,5.0001,True,0
2014-01-21,412854611,411045427,105334037,305711390,1809184,302825136,48810525,254014611,34959044,219055567,11351446969,11241417494,1.6958,6.423,3.641,5.535,5.562,7.427,5.591,4.9873,4.9936,5.0001,True,0
2014-01-22,498730606,496881726,116679482,380202244,1848880,292856188,35396154,257460034,50621581,206838453,11557321387,11351446969,1.6853,6.398,3.676,5.224,5.56,6.95,5.5924,4.9887,4.9935,5.0001,True,0
2014-01-23,481450097,479509602,102994484,376515118,1940495,209024328,37120406,171903922,30727063,141176859,11829747156,11557321387,1.7491,6.413,3.7,5.293,5.94,6.708,5.5926,4.9904,4.9943,5.0001,True,0
2014-01-24,614103894,612133670,144614549,467519121,1970224,345829001,37926576,307902425,29754999,278147426,12098022049,11829747156,1.7296,6.422,3.7193,4.449,6.765,6.817,5.5946,4.9922,4.995,5.0001,True,0
2014-01-25,440854623,438919123,125183326,313735797,1935500,185524856,44376079,141148777,33390830,107757947,12353351816,12098022049,1.6815,6.424,3.7193,4.449,6.765,6.817,5.5946,4.9922,4.995,5.0001,False,1
2014-01-26,528402520,526466645,101475502,424991143,1935875,331752519,19451300,312301219,39439760,272861459,12550001817,12353351816,1.695,6.434,4.4,4.717,6.35,6.995,5.5962,4.9929,4.9966,5.0001,True,0
2014-01-27,657199484,655298101,196149985,459148116,1901383,280645861,36768288,243877573,58856167,185021406,12926555440,12550001817,1.6915,6.416,4.534,4.689,6.092,6.83,5.5989,4.9933,4.9984,5.0001,True,0
2014-01-28,843424742,841426055,202335691,639090364,1998687,248334316,32950093,215384223,47826061,167558162,13521645866,12926555440,1.7398,6.441,4.8477,4.9657,6.807,7.333,5.5998,4.9931,4.9994,5.0001,True,0
2014-01-29,952479658,950357375,102260088,848097287,2122283,215164666,48600473,166564193,38228588,128335605,14258960858,13521645866,1.6693,6.432,4.8,5.108,7.072,7.192,5.6,4.9938,4.9996,5.0001,True,0
2014-01-30,227916211,225754304,44901628,180852676,2161907,105288105,18939954,86348151,13588206,72759945,14381588964,14258960858,1.6193,6.36,4.435,4.983,5.733,5.441,5.6,4.9941,4.9998,5.0001,True,0
2014-01-31,87324175,85045931,20914075,64131856,2278244,48132389,10305654,37826735,7796701,30030034,14420780750,14381588964,1.609,6.293,4.435,4.983,5.733,5.441,5.6,4.9941,4.9998,5.0001,False,1
2014-02-01,64287172,61983151,14043513,47939638,2304021,61527060,11374370,50152690,18881191,31271499,14423540862,14420780750,1.6086,6.253,4.435,4.983,5.733,5.441,5.6,4.9941,4.9998,5.0001,False,2
2014-02-02,57912761,55617117,20359506,35257611,2295644,24395720,11592943,12802777,2770284,10032493,14457057903,14423540862,1.6083,6.205,4.435,4.983,5.733,5.441,5.6,4.9941,4.9998,5.0001,False,3
2014-02-03,84329848,82037541,22041714,59995827,2292307,46109194,20070740,26038454,4221624,21816830,14495278557,14457057903,1.608,6.158,4.435,4.983,5.733,5.441,5.6,4.9941,4.9998,5.0001,False,4
2014-02-04,83653646,81355092,14062302,67292790,2298554,44927333,14428523,30498810,9930337,20568473,14534004870,14495278557,1.6078,6.085,4.435,4.983,5.733,5.441,5.6,4.9941,4.9998,5.0001,False,5
2014-02-05,209043990,206723577,21148444,185575133,2320413,95407704,34014315,61393389,14581824,46811565,14647641156,14534004870,1.6072,6.051,4.435,4.983,5.733,5.441,5.6,4.9941,4.9998,5.0001,False,6
2014-02-06,227860276,225540877,30213062,195327815,2319399,111635336,37275155,74360181,27131322,47228859,14763866096,14647641156,1.6069,6.044,4.435,4.983,5.733,5.441,5.6,4.9941,4.9998,5.0001,False,7
2014-02-07,578818221,576343567,133973411,442370156,2474654,273482213,28411171,245071042,43274926,201796116,15069202104,14763866096,1.7017,6.096,4.27,5.409,5.65,5.4,5.6,4.9939,4.9998,5.0001,True,0
2014-02-08,358255468,355819907,40691777,315128130,2435561,183432237,29127148,154305089,17759331,136545758,15244025335,15069202104,1.6795,6.135,4.25,5.25,5.43,5.811,5.605,4.9936,4.9999,5.0001,True,0
2014-02-09,341911234,339490129,51108036,288382093,2421105,262954049,28979242,233974807,22488350,211486457,15322982520,15244025335,1.6792,6.174,4.25,5.25,5.43,5.811,5.605,4.9936,4.9999,5.0001,False,1
2014-02-10,647465140,645043184,125447760,519595424,2421956,431753411,52832088,378921323,31775846,347145477,15538694249,15322982520,1.7004,6.225,4.3035,5.299,5.422,5.849,5.6031,4.9936,5.0,5.0001,True,0
2014-02-11,818803205,816390370,245808059,570582311,2412835,243058162,39473499,203584663,30415422,173169241,16114439292,15538694249,1.677,6.263,4.137,5.201,5.28,5.758,5.6005,4.9936,5.0,5.0001,True,0
2014-02-12,763009770,760453811,182145168,578308643,2555959,354585919,49996692,304589227,48908222,255681005,16522863143,16114439292,1.6702,6.298,4.075,5.178,5.22,5.65,5.6012,4.9955,5.0,5.0001,True,0
2014-02-13,626698794,624058677,111451545,512607132,2640117,362757986,49969512,312788474,33636126,279152348,16786803951,16522863143,1.6705,6.334,3.669,5.021,4.911,5.629,5.6037,4.9963,5.0,5.0007,True,0
2014-02-14,490710434,488021625,133959311,354062314,2688809,263261899,114214873,149047026,47348366,101698660,17014252486,16786803951,1.661,6.311,3.278,4.436,4.563,5.493,5.6005,4.9966,5.0,5.0001,True,0
2014-02-15,255393179,252650784,50504975,202145809,2742395,121463693,23332090,98131603,26924012,71207591,17148181972,17014252486,1.6566,6.298,3.278,4.436,4.563,5.493,5.6005,4.9966,5.0,5.0001,False,1
2014-02-16,331324628,328597307,61936172,266661135,2727321,183057224,27525012,155532212,34056657,121475555,17296449376,17148181972,1.6563,6.286,3.278,4.436,4.563,5.493,5.6005,4.9966,5.0,5.0001,False,2
2014-02-17,706118060,703414276,101445973,601968303,2703784,405809267,25038922,380770345,67346083,313424262,17596758169,17296449376,1.6526,6.259,2.951,3.879,4.483,5.365,5.6,4.9984,5.0,5.0001,True,0
2014-02-18,593563145,590856887,81848295,509008592,2706258,271125324,41210804,229914520,48672510,181242010,17919195990,17596758169,1.6433,6.241,2.68,3.743,4.639,5.2985,5.6,4.9993,5.0,5.0001,True,0
2014-02-19,408367966,405532115,45373979,360158136,2835851,323990451,27154783,296835668,37714675,259120993,18003573505,17919195990,1.6337,6.22,2.403,3.762,4.678,5.2942,5.6,4.9998,5.0,5.0001,True,0
2014-02-20,478925191,476045215,102087332,373957883,2879976,230855410,42179906,188675504,35175830,153499674,18251643286,18003573505,1.6358,6.201,1.981,3.703,4.149,5.22,5.596,4.9999,5.0,5.0001,True,0
2014-02-21,353981687,351086615,52081757,299004858,2895072,178914448,35272987,143641461,38164915,105476546,18426710525,18251643286,1.6282,6.183,1.764,3.595,4.0,5.176,5.5775,4.9996,5.0,5.0001,True,0
2014-02-22,282022706,279083130,97883214,181199916,2939576,134735118,37388618,97346500,13927043,83419457,18573998113,18426710525,1.6247,6.165,1.764,3.595,4.0,5.176,5.5775,4.9996,5.0,5.0001,False,1
2014-02-23,337053711,334129711,70825865,263303846,2924000,195214052,27025520,168188532,22090461,146098071,18715837772,18573998113,1.6238,6.147,1.764,3.595,4.0,5.176,5.5775,4.9996,5.0,5.0001,False,2
2014-02-24,656317045,653397733,203203164,450194569,2919312,473470156,38373586,435096570,38390594,396705976,18898684661,18715837772,1.6323,6.136,1.7,3.339,3.97,4.968,5.5665,5.0,5.0,5.0001,True,0
2014-02-25,563505889,560651569,134346664,426304905,2854320,299155352,50699394,248455958,43867571,204588387,19163035198,18898684661,1.6039,6.114,1.72,3.278,3.811,4.519,5.5585,5.0,5.0,5.0001,True,0
2014-02-26,680801145,677828663,202317738,475510925,2972482,284819682,53686988,231132694,44707073,186425621,19559016661,19163035198,1.596,6.093,1.75,3.072,3.822,4.4435,5.5415,5.0,5.0,5.0001,True,0
2014-02-27,672909288,669926875,141301002,528625873,2982413,492786036,61051395,431734641,33471939,398262702,19739139913,19559016661,1.5792,6.062,1.75,3.43,3.761,4.368,5.536,5.0,5.0,5.0001,True,0
2014-02-28,428721754,425722217,86054744,339667473,2999537,322030204,48124571,273905633,40145953,233759680,19845831463,19739139913,1.572,6.031,1.8458,3.529,3.753,4.316,5.529,5.0,5.0,5.0001,True,0
2014-03-01,362865580,359812461,103652657,256159804,3053119,211279011,39537010,171742001,46757660,124984341,19997418032,19845831463,1.5698,6.001,1.8458,3.529,3.753,4.316,5.529,5.0,5.0,5.0001,False,1
2014-03-02,276202230,273172567,90720059,182452508,3029663,246199417,46033199,200166218,38505331,161660887,20027420845,19997418032,1.5695,5.971,1.8458,3.529,3.753,4.316,5.529,5.0,5.0,5.0001,False,2
2014-03-03,505305862,502322723,139970256,362352467,2983139,513017360,45213317,467804043,65897484,401906559,20019709347,20027420845,1.5559,5.928,2.085,2.821,3.734,4.262,5.519,5.0,5.0,5.0001,True,0
2014-03-04,524146340,521192622,206653555,314539067,2953718,250562978,44291502,206271476,42801499,163469977,20293292709,20019709347,1.5429,5.895,2.083,3.5135,3.8,4.365,5.515,5.0,5.0,5.0001,True,0
2014-03-05,454295491,451245946,91287267,359958679,3049545,209072753,48032386,161040367,44777164,116263203,20538515447,20293292709,1.5411,5.864,2.09,3.798,3.8,4.45,5.5105,5.0,5.0,5.0001,True,0
2014-03-06,561787770,558722119,240492858,318229261,3065651,243149884,30563498,212586386,34572653,178013733,20857153333,20538515447,1.5259,5.835,2.0547,2.486,3.762,4.64,5.5067,5.0,5.0,5.0001,True,0
2014-03-07,380139779,377058943,95021643,282037300,3080836,291087220,42629946,248457274,37427390,211029884,20946205892,20857153333,1.517,5.805,1.9948,2.403,3.052,4.586,5.504,5.0,5.0,5.0001,True,0
2014-03-08,243274169,240156774,54611908,185544866,3117395,140323202,43290047,97033155,21505157,75527998,21049156859,20946205892,1.5148,5.774,1.9948,2.403,3.052,4.586,5.504,5.0,5.0,5.0001,False,1
2014-03-09,244752519,241650547,68363391,173287156,3101972,206312503,31892792,174419711,26451130,147968581,21087596875,21049156859,1.5145,5.744,1.9948,2.403,3.052,4.586,5.504,5.0,5.0,5.0001,False,2
2014-03-10,497338076,494278563,146463415,347815148,3059513,308040624,53902450,254138174,66525423,187612751,21276894327,21087596875,1.5048,5.716,1.919,2.358,2.625,4.574,5.502,5.0,5.0,5.0,True,0
2014-03-11,430500816,427448087,194534475,232913612,3052729,496039886,47244953,448794933,27674624,421120309,21211355257,21276894327,1.4965,5.69,1.873,2.258,2.295,4.293,5.5002,5.0,5.0,5.0,True,0
2014-03-12,377007897,373891397,132571107,241320290,3116500,416491268,34788679,381702589,65733259,315969330,21171871886,21211355257,1.4997,5.668,1.9,2.211,2.208,3.872,5.5,5.0,5.0,5.0,True,0
2014-03-13,346286910,343188988,102654466,240534522,3097922,316973542,47886605,269086937,55076814,214010123,21201185254,21171871886,1.4878,5.647,1.96,2.5,2.277,3.83,5.5,5.0,5.0,5.0,True,0
2014-03-14,315897431,312802600,77247724,235554876,3094831,311575572,44371878,267203694,33333597,233870097,21205507113,21201185254,1.4831,5.628,1.8765,2.527,2.608,3.868,5.5,5.0,5.0,5.0,True,0
2014-03-15,287407002,284310353,62427388,221882965,3096649,242799048,34294409,208504639,17959278,190545361,21250115067,21205507113,1.4818,5.61,1.8765,2.527,2.608,3.868,5.5,5.0,5.0,5.0,False,1
2014-03-16,269387391,266319616,71014819,195304797,3067775,390584547,19600978,370983569,25259589,345723980,21128917911,21250115067,1.4816,5.592,1.8765,2.527,2.608,3.868,5.5,5.0,5.0,5.0,False,2
2014-03-17,339008082,336026313,70763233,265263080,2981769,440624592,50250618,390373974,54475186,335898788,21027301401,21128917911,1.4628,5.568,1.869,2.671,2.7,3.938,5.5,5.0,5.0,5.0,True,0
2014-03-18,435479117,432490715,149391004,283099711,2988402,410240726,54642238,355598488,31133912,324464576,21052539792,21027301401,1.4726,5.555,2.05,2.88,2.88,4.022,5.5,5.0,5.0,5.0,True,0
2014-03-19,359014064,355963833,76164526,279799307,3050231,429298917,30164627,399134290,51068160,348066130,20982254939,21052539792,1.4786,5.544,2.8025,3.422,3.8,4.412,5.5,5.0,5.0,5.0,True,0
2014-03-20,365011495,361964978,159168755,202796223,3046517,336076380,36054285,300022095,26850670,273171425,21011190054,20982254939,1.4772,5.538,3.011,3.474,3.641,4.619,5.5,5.0,5.0,5.0,True,0
2014-03-21,282351818,279298412,81707625,197590787,3053406,259655286,39994785,219660501,49883826,169776675,21033886586,21011190054,1.4787,5.535,2.5,3.6,3.78,4.895,5.5,5.0,5.0,5.0,True,0
2014-03-22,191700135,188663159,104204913,84458246,3036976,138039412,33200246,104839166,21342777,83496389,21087547309,21033886586,1.4638,5.526,2.5,3.6,3.78,4.895,5.5,5.0,5.0,5.0,False,1
2014-03-23,167456369,164431433,61783931,102647502,3024936,186443311,30812667,155630644,23200850,132429794,21068560367,21087547309,1.4636,5.516,2.5,3.6,3.78,4.895,5.5,5.0,5.0,5.0,False,2
2014-03-24,313180334,310195156,121357732,188837424,2985178,437825259,38247589,399577670,35544574,364033096,20943915442,21068560367,1.4542,5.511,2.5,3.578,3.823,5.148,5.5,5.0,5.0,5.0,True,0
2014-03-25,314345006,311396094,94883459,216512635,2948912,312710515,47181167,265529348,43213212,222316136,20945549933,20943915442,1.446,5.496,2.5,3.6295,4.064,5.125,5.5,5.0,5.0,5.0,True,0
2014-03-26,272935544,269973892,118271061,151702831,2961652,450254233,38674025,411580208,51808075,359772133,20768231244,20945549933,1.4345,5.472,2.52,3.868,4.53,4.835,5.5,5.0,5.0,5.0,True,0
2014-03-27,266231082,263304080,106411792,156892288,2927002,359071642,36993856,322077786,33134383,288943403,20675390684,20768231244,1.4273,5.445,2.658,4.812,5.161,4.938,5.5,5.0,5.0,5.0,True,0
2014-03-28,225966355,223056705,69697401,153359304,2909650,405443946,37979942,367464004,35799401,331664603,20495913093,20675390684,1.4255,5.415,2.75,4.168,5.46,4.769,5.5,5.0,5.0,5.0,True,0
2014-03-29,160250985,157359026,54547795,102811231,2891959,155006056,31519710,123486346,32626204,90860142,20501158022,20495913093,1.4259,5.395,2.75,4.168,5.46,4.769,5.5,5.0,5.0,5.0,False,1
2014-03-30,205533934,202657833,64340475,138317358,2876101,264714811,34723348,229991463,45887646,184103817,20441977145,20501158022,1.4257,5.374,2.75,4.168,5.46,4.769,5.5,5.0,5.0,5.0,False,2
2014-03-31,398884905,396026448,154073551,241952897,2858457,423852634,48345100,375507534,56545010,318962524,20417009416,20441977145,1.431,5.361,2.8,4.184,5.467,4.617,5.5,5.0,5.0,5.0,True,0
2014-04-01,453320585,450478122,146539591,303938531,2842463,277429358,49540539,227888819,37116613,190772206,20592900643,20417009416,1.4368,5.356,2.866,4.205,4.503,4.6,5.5,5.0,5.0,5.0,True,0
2014-04-02,355347118,352449616,141024158,211425458,2897502,272612066,51040952,221571114,28301147,193269967,20675635695,20592900643,1.437,5.357,2.95,4.225,4.504,4.6,5.5,5.0,5.0,5.0,True,0
2014-04-03,363877120,360958034,165866758,195091276,2919086,266605457,45762040,220843417,46915541,173927876,20772907358,20675635695,1.4364,5.362,2.95,4.103,4.457,4.6,5.5,5.0,5.0,5.0,True,0
2014-04-04,251895894,248968008,62838487,186129521,2927886,200192637,37871189,162321448,35154471,127166977,20824610615,20772907358,1.4338,5.367,2.763,2.997,4.278,4.597,5.5,5.0,5.0,5.0,True,0
2014-04-05,202336542,199391149,68763348,130627801,2945393,163199682,43889726,119309956,23061774,96248182,20863747475,20824610615,1.4318,5.37,2.763,2.997,4.278,4.597,5.5,5.0,5.0,5.0,False,1
2014-04-06,129477254,126550557,36688261,89862296,2926697,139576683,29557907,110018776,41472248,68546528,20853648046,20863747475,1.4314,5.373,2.763,2.997,4.278,4.597,5.5,5.0,5.0,5.0,False,2
2014-04-07,196936223,194021386,64582752,129438634,2914837,176966561,40119763,136846798,35095605,101751193,20873617708,20853648046,1.4312,5.373,2.763,2.997,4.278,4.597,5.5,5.0,5.0,5.0,False,3
2014-04-08,354770149,351854096,104834487,247019609,2916053,250015131,44570398,205444733,31814997,173629736,20978372726,20873617708,1.4263,5.368,2.713,3.591,4.21,4.437,5.5,5.0,5.0,5.0,True,0
2014-04-09,383347565,380410136,150308931,230101205,2937429,289330278,50308002,239022276,37522743,201499533,21072390013,20978372726,1.4239,5.36,2.74,3.67,4.182,4.401,5.5,5.0,5.0,5.0,True,0
2014-04-10,386567460,383627601,164835943,218791658,2939859,286914864,53154622,233760242,44846276,188913966,21172042609,21072390013,1.4202,5.351,2.74,3.708,3.715,4.375,5.5,5.0,5.0,5.0,True,0
2014-04-11,237829882,234895147,71143892,163751255,2934735,277077434,84205696,192871738,31674982,161196756,21132795057,21172042609,1.4106,5.339,2.75,3.701,3.703,4.209,5.5,5.0,5.0,5.0,True,0
2014-04-12,177642053,174695525,63462337,111233188,2946528,123295320,39287860,84007460,23075537,60931923,21187141790,21132795057,1.4099,5.327,2.75,3.701,3.703,4.209,5.5,5.0,5.0,5.0,False,1
2014-04-13,208172985,205239452,95888440,109351012,2933533,178934722,50587988,128346734,16961535,111385199,21216380053,21187141790,1.4097,5.315,2.75,3.701,3.703,4.209,5.5,5.0,5.0,5.0,False,2
2014-04-14,309853269,306943182,110231602,196711580,2910087,415986984,40950669,375036315,48560908,326475407,21110246338,21216380053,1.4048,5.3,2.639,3.57,3.7,4.165,5.5,5.0,5.0,5.0,True,0
2014-04-15,428681231,425805725,166536898,259268827,2875506,285293076,35499014,249794062,25902576,223891486,21253634493,21110246338,1.4022,5.287,2.449,3.444,3.388,4.102,5.5,5.0,5.0,5.0,True,0
2014-04-16,387847838,384939019,153844890,231094129,2908819,255914640,43923418,211991222,34265047,177726175,21385567691,21253634493,1.3958,5.272,2.298,2.726,3.003,4.085,5.5,5.0,5.0,5.0,True,0
2014-04-17,355792647,352880124,159555287,193324837,2912523,265341592,38627405,226714187,43037306,183676881,21476018746,21385567691,1.3866,5.253,2.181,2.721,2.764,4.06,5.5,5.0,5.0,5.0,True,0
2014-04-18,239300383,236377510,73108437,163269073,2922873,225952909,32020413,193932496,42736396,151196100,21489366220,21476018746,1.3841,5.239,2.0,2.761,2.782,3.93,5.5,5.0,5.0,5.0,True,0
2014-04-19,268729366,265789873,146828058,118961815,2939493,146374940,33261685,113113255,27904791,85208464,21611720646,21489366220,1.3835,5.224,2.0,2.761,2.782,3.93,5.5,5.0,5.0,5.0,False,1
2014-04-20,191259529,188336377,71649902,116686475,2923152,161057781,35438855,125618926,40827019,84791907,21641922394,21611720646,1.383,5.21,2.0,2.761,2.782,3.93,5.5,5.0,5.0,5.0,False,2
2014-04-21,301134667,298219498,109912061,188307437,2915169,295635256,65340198,230295058,40422597,189872461,21647421805,21641922394,1.3866,5.2,1.98,2.713,2.994,3.767,5.5,5.0,5.0,5.0,True,0
2014-04-22,285248757,282350142,94938709,187411433,2898615,268810141,46610311,222199830,46793868,175405962,21663860421,21647421805,1.3813,5.188,1.9262,3.029,3.311,3.808,5.5,5.0,5.0,5.0,True,0
2014-04-23,313677307,310757394,101574511,209182883,2919913,278470936,47960929,230510007,59708761,170801246,21699066792,21663860421,1.3654,5.171,1.963,3.08,3.715,3.9511,5.5,5.0,5.0,5.0,True,0
2014-04-24,318358891,315468612,141918866,173549746,2890279,224536754,43022139,181514615,33308384,148206231,21792888929,21699066792,1.3515,5.152,2.303,3.521,4.147,4.32,5.5,5.0,5.0,5.0,True,0
2014-04-25,220927432,218042417,83493221,134549196,2885015,227764292,41053152,186711140,30947018,155764122,21786052069,21792888929,1.344,5.13,2.31,3.503,4.329,4.286,5.49,5.0,5.0,5.0,True,0
2014-04-26,151625415,148727987,56777731,91950256,2897428,158122962,34986838,123136124,19403230,103732894,21779554522,21786052069,1.3441,5.109,2.31,3.503,4.329,4.286,5.49,5.0,5.0,5.0,False,1
2014-04-27,146837951,143955720,61671443,82284277,2882231,191915377,28315151,163600226,56209644,107390582,21734477096,21779554522,1.3439,5.087,2.31,3.503,4.329,4.286,5.49,5.0,5.0,5.0,False,2
2014-04-28,324937272,322059893,125000679,197059214,2877379,327724735,53228205,274496530,58440825,216055705,21731689633,21734477096,1.3506,5.067,2.406,4.025,4.543,4.6,5.4982,5.0,5.0,5.0,True,0
2014-04-29,330607104,327753580,127521090,200232490,2853524,307578349,48275458,259302891,68367067,190935824,21754718388,21731689633,1.346,5.048,2.604,4.0738,4.885,4.593,5.5,5.0,5.0,5.0,True,0
2014-04-30,260091330,257193410,79931074,177262336,2897920,281835975,61314568,220521407,48418212,172103195,21732973743,21754718388,1.3511,5.04,2.5,4.134,4.176,4.604,5.495,5.0,5.0,5.0,True,0
2014-05-01,193045106,190175350,58404844,131770506,2869756,143362755,46481549,96881206,18924739,77956467,21782656094,21732973743,1.3364,5.032,2.5,4.134,4.176,4.604,5.495,5.0,5.0,5.0,False,1
2014-05-02,125336258,122453074,33113882,89339192,2883184,121222064,24171256,97050808,24940239,72110569,21786770288,21782656094,1.3362,5.028,2.5,4.134,4.176,4.604,5.495,5.0,5.0,5.0,False,2
2014-05-03,185094488,182203439,54073496,128129943,2891049,199568043,41506485,158061558,44076367,113985191,21772296733,21786770288,1.3361,5.023,2.5,4.134,4.176,4.604,5.495,5.0,5.0,5.0,False,3
2014-05-04,303087562,300180905,88981143,211199762,2906657,413222034,65972622,347249412,53215849,294033563,21662162261,21772296733,1.3543,5.029,2.4,3.683,3.708,4.5,5.482,5.0,5.0,5.0,True,0
2014-05-05,370924149,368099706,102948704,265151002,2824443,309330781,66043856,243286925,50320676,192966249,21723755629,21662162261,1.3378,5.022,2.37,3.14,3.158,4.058,5.4655,5.0,5.0,5.0,True,0
2014-05-06,318002728,315096777,81567892,233528885,2905951,341108696,61126871,279981825,43725251,236256574,21700649661,21723755629,1.3831,5.042,2.37,3.092,3.158,3.941,5.4474,5.0,5.0,5.0,True,0
2014-05-07,417327518,414463880,164553784,249910096,2863638,239372999,40650214,198722785,50672610,148050175,21878604180,21700649661,1.3393,5.036,2.37,3.1125,3.092,3.882,5.4167,5.0,5.0,5.0,True,0
2014-05-08,392838756,390000657,156177372,233823285,2838099,273187499,47941936,225245563,31709467,193536096,21998255437,21878604180,1.3221,5.028,2.23,3.204,3.106,3.79,5.3992,5.0,5.0,5.0,True,0
2014-05-09,281479009,278616335,127662531,150953804,2862674,247743971,48319772,199424199,25566249,173857950,22031990475,21998255437,1.3244,5.022,2.2205,3.194,3.121,3.773,5.3909,5.0,5.0,5.0,True,0
2014-05-10,287240171,284388148,79585779,204802369,2852023,147248328,38040745,109207583,28255521,80952062,22171982318,22031990475,1.3117,5.008,2.2205,3.194,3.121,3.773,5.3909,5.0,5.0,5.0,False,1
2014-05-11,182424063,179585742,55148430,124437312,2838321,152945581,38400973,114544608,22454098,92090510,22201460800,22171982318,1.3115,4.985,2.2205,3.194,3.121,3.773,5.3909,5.0,5.0,5.0,False,2
2014-05-12,325108597,322293245,95909491,226383754,2815352,293952908,48093256,245859652,34572657,211286995,22232616489,22201460800,1.3083,4.969,2.2135,3.18,3.198,3.66,5.3764,5.0,5.0,5.0,True,0
2014-05-13,275241493,272439137,91142159,181296978,2802356,257918375,61456142,196462233,20219614,176242619,22249939607,22232616489,1.3022,4.924,2.35,3.181,3.2498,3.617,5.3414,5.0,5.0,5.0,True,0
2014-05-14,305474522,302621995,100837254,201784741,2852527,316225442,45318037,270907405,25171614,245735791,22239188687,22249939607,1.2986,4.902,2.3666,3.236,3.233,3.5675,5.3198,5.0,5.0,5.0,True,0
2014-05-15,313367089,310522196,93964517,216557679,2844893,238307643,37879297,200428346,39601697,160826649,22314248133,22239188687,1.2971,4.888,2.35,3.1355,3.202,3.651,5.2665,5.0,5.0,5.0,True,0
2014-05-16,231967423,229109632,72479256,156630376,2857791,282094916,37551420,244543496,40061114,204482382,22264120640,22314248133,1.2986,4.874,2.37,3.129,3.127,3.69,5.2418,5.0,5.0,5.01,True,0
2014-05-17,170983868,168161205,50405690,117755515,2822663,145854372,32944450,112909922,36624963,76284959,22289250136,22264120640,1.2818,4.858,2.37,3.129,3.127,3.69,5.2418,5.0,5.0,5.01,False,1
2014-05-18,164419642,161609998,51132867,110477131,2809644,153440019,40062277,113377742,26863477,86514265,22300229759,22289250136,1.2816,4.842,2.37,3.129,3.127,3.69,5.2418,5.0,5.0,5.01,False,2
2014-05-19,259077930,256179008,71313677,184865331,2898922,293791406,51391608,242399798,60660169,181739629,22265516283,22300229759,1.3283,4.853,2.396,3.1,3.1318,3.736,5.2142,5.0,5.0,5.011,True,0
2014-05-20,453955303,451059660,243711613,207348047,2895643,260040720,47536760,212503960,22815508,189688452,22459430866,22265516283,1.3308,4.868,2.427,3.361,3.579,4.095,5.1772,5.0,5.0,5.003,True,0
2014-05-21,297799722,294888620,130386891,164501729,2911102,250223726,45455883,204767843,29873517,174894326,22507006862,22459430866,1.323,4.882,2.528,3.353,3.925,4.2,5.1215,5.0,5.0,5.0026,True,0
2014-05-22,344636549,341774952,167436704,174338248,2861597,251108485,45562332,205546153,29111692,176434461,22600534926,22507006862,1.2887,4.877,2.51,3.419,3.919,4.203,5.0935,5.0,5.0,5.0014,True,0
2014-05-23,249546195,246693653,114513174,132180479,2852542,229000787,60184458,168816329,29314656,139501673,22621080334,22600534926,1.281,4.867,2.53,3.405,3.908,4.0685,5.0675,5.0,5.0,5.0013,True,0
2014-05-24,160073254,157281426,57666965,99614461,2791828,154409868,30780112,123629756,24105065,99524691,22626743720,22621080334,1.2488,4.849,2.53,3.405,3.908,4.0685,5.0675,5.0,5.0,5.0013,False,1
2014-05-25,166943526,164165899,67087564,97078335,2777627,231004758,45685873,185318885,32503867,152815018,22562682488,22626743720,1.2486,4.831,2.53,3.405,3.908,4.0685,5.0675,5.0,5.0,5.0013,False,2
2014-05-26,344890868,342134083,145189089,196944994,2756785,274707572,54429404,220278168,32625021,187653147,22632865784,22562682488,1.249,4.788,2.5025,3.195,3.822,4.1,5.0413,5.0,5.0,5.0012,True,0
2014-05-27,299049555,296280007,95780761,200499246,2769548,321965845,54053714,267912131,39321226,228590905,22609949494,22632865784,1.2548,4.746,2.541,3.247,3.39,4.0,5.0197,5.0,5.0,5.0002,True,0
2014-05-28,276134813,273325022,78926517,194398505,2809791,415891684,74293409,341598275,45105847,296492428,22470192623,22609949494,1.2597,4.712,2.51,3.2,3.33,3.94,4.9768,5.0,5.0,5.0001,True,0
2014-05-29,320549863,317800649,135204257,182596392,2749214,313827800,54803737,259024063,44776734,214247329,22476914686,22470192623,1.2381,4.684,2.51,3.215,3.349,3.877,4.9418,4.999,5.0,5.0001,True,0
2014-05-30,226547701,223709770,95966704,127743066,2837931,312802179,52407524,260394655,39094557,221300098,22390660208,22476914686,1.279,4.683,2.57,3.23,3.324,3.861,4.925,4.9998,5.0,5.0,True,0
2014-05-31,146823669,144080973,52834335,91246638,2742696,142862063,23557943,119304120,41776332,77527788,22394621814,22390660208,1.2376,4.677,2.57,3.23,3.324,3.861,4.925,4.9998,5.0,5.0,False,1
2014-06-01,183489775,180762669,55046557,125716112,2727106,149829253,33825537,116003716,32936169,83067547,22428282336,22394621814,1.2364,4.67,2.57,3.23,3.324,3.861,4.925,4.9998,5.0,5.0,False,2
2014-06-02,158219402,155516287,48900709,106615578,2703115,170409506,38668393,131741113,42274603,89466510,22416092232,22428282336,1.2305,4.66,2.57,3.23,3.324,3.861,4.925,4.9998,5.0,5.0,False,3
2014-06-03,270887462,268143582,83629149,184514433,2743880,385622582,55464815,330157767,42540883,287616884,22301357112,22416092232,1.2473,4.656,2.521,3.18,3.38,3.716,4.883,4.9958,4.998,5.0,True,0
2014-06-04,274460744,271682147,71225908,200456239,2778597,303978838,54260600,249718238,28188601,221529637,22271839018,22301357112,1.2611,4.657,2.561,3.152,3.334,3.931,4.855,4.9868,4.9967,5.0,True,0
2014-06-05,380042567,377223821,128566594,248657227,2818746,355645445,89226348,266419097,62031088,204388009,22296236140,22271839018,1.2818,4.681,2.576,3.07,3.448,3.878,4.8393,4.9733,4.9967,5.0,True,0
2014-06-06,301413900,298679366,111954129,186725237,2734534,274862067,55681761,219180306,55267471,163912835,22322787973,22296236140,1.2476,4.664,2.5808,3.15,3.442,3.984,4.8259,4.9609,4.9959,5.0,True,0
2014-06-07,187801995,185054361,70098919,114955442,2747634,146203577,38318930,107884647,37280499,70604148,22364386391,22322787973,1.2474,4.669,2.5808,3.15,3.442,3.984,4.8259,4.9609,4.9959,5.0,False,1
2014-06-08,302171269,299436270,185513854,113922416,2734999,169525332,36440988,133084344,36849979,96234365,22497032328,22364386391,1.2473,4.675,2.5808,3.15,3.442,3.984,4.8259,4.9609,4.9959,5.0,False,2
2014-06-09,366114374,363337491,145389158,217948333,2776883,287520152,52422163,235097989,36264508,198833481,22575626550,22497032328,1.2719,4.698,2.58,3.13,3.158,4.161,4.8181,4.9603,4.9938,5.0,True,0
2014-06-10,354031597,351275811,104890851,246384960,2755786,298190025,68280581,229909444,43253854,186655590,22631468122,22575626550,1.2628,4.706,2.57,3.13,3.132,4.159,4.8095,4.9615,4.9946,5.0,True,0
2014-06-11,327661453,324824312,114930250,209894062,2837141,246127540,80918118,165209422,22604403,142605019,22713002035,22631468122,1.2723,4.712,2.592,3.15,3.223,4.381,4.7941,4.9606,4.9926,5.0,True,0
2014-06-12,332365185,329539251,112210380,217328871,2825934,236467885,75247726,161220159,44402104,116818055,22808899335,22713002035,1.2625,4.702,2.597,3.154,3.25,4.719,4.7862,4.9601,4.9925,5.0,True,0
2014-06-13,216923770,214045806,51040378,163005428,2877964,386799040,56967852,329831188,44823413,285007775,22639024065,22808899335,1.2801,4.719,2.6,3.04,3.259,4.814,4.7794,4.96,4.9935,5.0,True,0
2014-06-14,181574530,178733395,59184032,119549363,2841135,229916191,29831979,200084212,36576832,163507380,22590682404,22639024065,1.2678,4.73,2.6,3.04,3.259,4.814,4.7794,4.96,4.9935,5.0,False,1
2014-06-15,166080126,163263976,41933752,121330224,2816150,116623756,30194033,86429723,25396456,61033267,22640138774,22590682404,1.2677,4.742,2.6,3.04,3.259,4.814,4.7794,4.96,4.9935,5.0,False,2
2014-06-16,387308484,384522342,120664648,263857694,2786142,492349489,58644674,433704815,28981923,404722892,22535097769,22640138774,1.2581,4.734,2.6,3.006,3.237,5.058,4.7777,4.951,4.9889,5.0,True,0
2014-06-17,270350693,267626738,87121582,180505156,2723955,502560223,46759557,455800666,37324504,418476162,22302888239,22535097769,1.2436,4.724,2.6,3.031,3.568,4.941,4.7825,4.9347,4.9867,5.0,True,0
2014-06-18,335262709,332565225,131652090,200913135,2697484,421920230,43682078,378238152,57752818,320485334,22216230718,22302888239,1.2244,4.697,2.639,3.074,4.511,4.972,4.7767,4.9277,4.9842,5.0,True,0
2014-06-19,338609087,335998519,177935245,158063274,2610568,284956260,45420417,239535843,47067117,192468726,22269883545,22216230718,1.193,4.66,2.698,3.093,4.03,5.233,4.7692,4.9216,4.9805,5.0,True,0
2014-06-20,251582530,248879061,71879168,176999893,2703469,286583065,44882716,241700349,35442161,206258188,22234883010,22269883545,1.2332,4.634,2.759,3.402,4.578,5.435,4.7751,4.9139,4.9796,5.0,True,0
2014-06-21,177999186,175409451,55976436,119433015,2589735,231003775,54561773,176442002,24826865,151615137,22181878421,22234883010,1.1774,4.585,2.759,3.402,4.578,5.435,4.7751,4.9139,4.9796,5.0,False,1
2014-06-22,147180819,144611888,41425751,103186137,2568931,361285652,49236322,312049330,31032946,281016384,21967773588,22181878421,1.1773,4.535,2.759,3.402,4.578,5.435,4.7751,4.9139,4.9796,5.0,False,2
2014-06-23,232227670,229685312,80147560,149537752,2542358,373779624,47744484,326035140,31937942,294097198,21826221634,21967773588,1.1818,4.494,2.755,3.448,4.603,5.526,4.7761,4.9136,4.9777,5.0,True,0
2014-06-24,245450766,242915326,78189756,164725570,2535440,428471509,80582484,347889025,41106958,306782067,21643200891,21826221634,1.1875,4.463,2.971,3.483,4.697,5.638,4.7679,4.9081,4.9747,5.0,True,0
2014-06-25,264663201,262227341,79464890,182762451,2435860,547295931,79096124,468199807,60137721,408062086,21360568161,21643200891,1.1376,4.416,2.995,3.464,5.06,5.492,4.7582,4.9059,4.9722,5.0,True,0
2014-06-26,297628039,295269783,93994567,201275216,2358256,418742109,66292846,352449263,41056937,311392326,21239454091,21360568161,1.1175,4.375,2.974,3.552,5.147,5.035,4.7478,4.9033,4.9677,5.0,True,0
2014-06-27,264282703,261895380,122909502,138985878,2387323,399444352,44685853,354758499,49196393,305562106,21104292442,21239454091,1.1403,4.324,2.885,3.781,5.184,5.012,4.7482,4.901,4.9664,5.0,True,0
2014-06-28,153826161,151482880,56997812,94485068,2343281,283400236,59857221,223543015,27109313,196433702,20974718367,21104292442,1.1247,4.296,2.885,3.781,5.184,5.012,4.7482,4.901,4.9664,5.0,False,1
2014-06-29,158801540,156485272,41574314,114910958,2316268,261170799,48105024,213065775,28779118,184286657,20872349108,20974718367,1.1245,4.267,2.885,3.781,5.184,5.012,4.7482,4.901,4.9664,5.0,False,2
2014-06-30,334054112,331761678,76383658,255378020,2292434,456547794,71593561,384954233,71086987,313867246,20749855426,20872349108,1.1234,4.235,2.913,3.867,5.394,5.004,4.7499,4.9007,4.9658,5.0,True,0
2014-07-01,384428753,382080337,84648368,297431969,2348416,374164541,76352332,297812209,57115920,240696289,20760119638,20749855426,1.1619,4.221,3.017,4.421,4.711,5.001,4.7499,4.9004,4.9654,5.0,True,0
2014-07-02,384555819,382237475,124686586,257550889,2318344,328950951,54590504,274360447,56038073,218322374,20815724506,20760119638,1.1374,4.221,3.02,3.927,4.089,4.891,4.75,4.9001,4.9672,5.0,True,0
2014-07-03,297894643,295575412,117330905,178244507,2319231,289009780,72000589,217009191,34501699,182507492,20824609369,20815724506,1.1345,4.23,2.96,3.393,3.5,4.132,4.75,4.9001,4.9654,5.0,True,0
2014-07-04,211649838,209348291,47444497,161903794,2301547,264494550,58159245,206335305,40925658,165409647,20771764657,20824609369,1.1211,4.22,2.94,3.42,3.5,4.063,4.75,4.9,4.9652,5.0,True,0
2014-07-05,169383796,167078182,63429360,103648822,2305614,272535138,46886012,225649126,43470834,182178292,20668613315,20771764657,1.121,4.218,2.94,3.42,3.5,4.063,4.75,4.9,4.9652,5.0,False,1
2014-07-06,199569025,197287738,58678071,138609667,2281287,195530758,42738122,152792636,28637443,124155193,20672651582,20668613315,1.1209,4.216,2.94,3.42,3.5,4.063,4.75,4.9,4.9652,5.0,False,2
2014-07-07,272182847,269914951,66462026,203452925,2267896,317612569,63467426,254145143,59847001,194298142,20627221860,20672651582,1.1216,4.215,2.952,3.421,3.446,4.047,4.7495,4.9,4.9641,5.0,True,0
2014-07-08,224240103,221992553,61280454,160712099,2247550,340453063,57017247,283435816,62162605,221273211,20511008900,20627221860,1.1183,4.191,3.253,3.52,3.782,4.046,4.75,4.9,4.9607,5.0,True,0
2014-07-09,278005555,275740766,100407528,175333238,2264789,269642881,44472135,225170746,49920081,175250665,20519371574,20511008900,1.1169,4.18,3.351,3.736,4.023,4.1,4.749,4.9,4.9628,5.0,True,0
2014-07-10,283095921,280808940,76920429,203888511,2286981,326009240,71503879,254505361,49578125,204927236,20476458255,20519371574,1.1305,4.178,3.3,3.711,4.069,4.1545,4.7438,4.9,4.9608,5.0,True,0
2014-07-11,208671021,206409952,49110187,157299765,2261069,240050748,37145193,202905555,50829376,152076179,20445078528,20476458255,1.12,4.177,3.285,3.723,4.153,4.163,4.7423,4.9,4.9616,5.0,True,0
2014-07-12,177644343,175393033,75425505,99967528,2251310,149081488,40240325,108841163,27984837,80856326,20473641383,20445078528,1.113,4.173,3.285,3.723,4.153,4.163,4.7423,4.9,4.9616,5.0,False,1
2014-07-13,179759885,177520917,66176740,111344177,2238968,199459990,37261668,162198322,30133300,132065022,20453941278,20473641383,1.1125,4.169,3.285,3.723,4.153,4.163,4.7423,4.9,4.9616,5.0,False,2
2014-07-14,254797524,252543988,88262667,164281321,2253536,284753279,52533556,232219723,23824522,208395201,20423985523,20453941278,1.1284,4.172,3.255,3.7035,4.299,4.313,4.7461,4.9001,4.9618,5.0,True,0
2014-07-15,334810012,332554408,116023440,216530968,2255604,261722182,59644641,202077541,27658319,174419222,20497073353,20423985523,1.1341,4.181,3.218,3.646,4.18,4.417,4.7485,4.9001,4.9618,5.0,True,0
2014-07-16,394890140,392596651,170324655,222271996,2293489,234775948,59605459,175170489,31190665,143979824,20657187545,20497073353,1.1377,4.192,3.2472,3.65,4.391,4.492,4.7487,4.9,4.9608,5.0,True,0
2014-07-17,253011280,250755039,73862280,176892759,2256241,298279385,104717040,193562345,32255120,161307225,20611919440,20657187545,1.1133,4.183,3.2465,3.641,4.4,4.588,4.7448,4.9,4.9616,5.0,True,0
2014-07-18,208959595,206677714,62723841,143953873,2281881,208671287,60675775,147995512,20805733,127189779,20612207748,20611919440,1.1215,4.184,3.245,3.651,4.988,4.73,4.7467,4.9,4.9616,5.0,True,0
2014-07-19,210318023,208048192,108711944,99336248,2269831,155464283,31681543,123782740,15507755,108274985,20667061488,20612207748,1.1131,4.184,3.245,3.651,4.988,4.73,4.7467,4.9,4.9616,5.0,False,1
2014-07-20,176449304,174193562,58331429,115862133,2255742,174462836,38768091,135694745,29227103,106467642,20669047956,20667061488,1.1129,4.184,3.245,3.651,4.988,4.73,4.7467,4.9,4.9616,5.0,False,2
2014-07-21,378088594,375786236,188430013,187356223,2302358,434191479,54882116,379309363,39353239,339956124,20612945071,20669047956,1.1428,4.192,3.318,3.694,4.991,5.03,4.7467,4.9,4.9607,5.0,True,0
2014-07-22,243084133,240854173,90700778,150153395,2229960,369043423,98632913,270410510,31942129,238468381,20486985781,20612945071,1.1166,4.182,3.253,3.848,5.159,5.115,4.7465,4.9,4.9605,5.0,True,0
2014-07-23,265461894,263182434,114917590,148264844,2279460,308353077,56660566,251692511,45278350,206414161,20444094598,20486985781,1.1266,4.176,3.295,4.202,5.15,5.271,4.7525,4.9,4.9604,5.0,True,0
2014-07-24,277044480,274781793,106071922,168709871,2262687,347622431,70641581,276980850,42338290,234642560,20373516647,20444094598,1.1215,4.181,3.313,4.101,5.273,5.278,4.7465,4.9,4.9604,5.0,True,0
2014-07-25,181641088,179379699,63336575,116043124,2261389,262874791,70693254,192181537,35509270,156672267,20292282944,20373516647,1.1244,4.182,3.348,4.081,4.821,4.95,4.7465,4.9,4.9603,5.0,True,0
2014-07-26,128268053,126012255,54186270,71825985,2255798,282653341,51725809,230927532,29639068,201288464,20137897656,20292282944,1.1221,4.187,3.348,4.081,4.821,4.95,4.7465,4.9,4.9603,5.0,False,1
2014-07-27,151406251,149177264,80780644,68396620,2228987,166610652,50588888,116021764,35246941,80774823,20122693255,20137897656,1.122,4.192,3.348,4.081,4.821,4.95,4.7465,4.9,4.9603,5.0,False,2
2014-07-28,371762756,369535407,214062345,155473062,2227349,345986909,51656382,294330527,30372288,263958239,20148469102,20122693255,1.1276,4.184,3.304,4.013,4.628,4.398,4.7465,4.9,4.9602,5.0,True,0
2014-07-29,228093046,225904582,85325202,140579380,2188464,303480103,41066657,262413446,23956498,238456948,20073082045,20148469102,1.1156,4.183,3.2503,3.907,4.6,4.141,4.739,4.9,4.9601,5.0,True,0
2014-07-30,209917272,207702516,64808558,142893958,2214756,250117716,53868111,196249605,25897612,170351993,20032881601,20073082045,1.1162,4.178,3.2502,3.914,4.525,4.144,4.7316,4.9,4.959,5.0,True,0
2014-07-31,191728916,189518581,56346135,133172446,2210335,277194379,53122061,224072318,33843617,190228701,19947416138,20032881601,1.1156,4.174,3.204,3.98,3.979,4.2,4.7215,4.9,4.9588,5.0,True,0
2014-08-01,374884735,372678958,135715324,236963634,2205777,252540858,84227601,168313257,31013339,137299918,20069760015,19947416138,1.1173,4.171,3.196,3.907,4.047,4.21,4.7149,4.9,4.9558,5.0,True,0
2014-08-02,189092130,186889349,78478704,108410645,2202781,172250225,41930977,130319248,34359098,95960150,20086601920,20069760015,1.118,4.168,3.196,3.907,4.047,4.21,4.7149,4.9,4.9558,5.0,False,1
2014-08-03,173825397,171634865,62120575,109514290,2190532,127125217,40828571,86296646,23794226,62502420,20133302100,20086601920,1.1178,4.166,3.196,3.907,4.047,4.21,4.7149,4.9,4.9558,5.0,False,2
2014-08-04,330640884,328404472,120904646,207499826,2236412,322907524,78477516,244430008,43969481,200460527,20141035460,20133302100,1.1451,4.176,3.182,3.842,4.086,4.105,4.7081,4.9,4.9551,5.0,True,0
2014-08-05,394780870,392589715,164705556,227884159,2191155,221706539,74040082,147666457,35974791,111691666,20314109791,20141035460,1.1203,4.178,3.145,3.738,3.998,4.056,4.7049,4.899,4.9543,5.0,True,0
2014-08-06,288821016,286598298,127641624,158956674,2222718,282346594,56127546,226219048,26815416,199403632,20320584213,20314109791,1.1162,4.178,3.051,3.559,3.9799,4.104,4.6982,4.8949,4.9505,5.0,True,0
2014-08-07,247646474,245405658,61837508,183568150,2240816,253659514,60050774,193608740,41675089,151933651,20314571173,20320584213,1.1186,4.18,3.04,3.511,3.977,4.161,4.6941,4.8901,4.9491,5.0,True,0
2014-08-08,233903717,231616935,54035416,177581519,2286782,311648757,67603275,244045482,43071065,200974417,20236826133,20314571173,1.1397,4.192,3.001,3.457,3.693,4.101,4.6921,4.8912,4.9465,5.0,True,0
2014-08-09,160262764,158028887,44663092,113365795,2233877,163611708,50648384,112963324,30028086,82935238,20233477189,20236826133,1.1173,4.191,3.001,3.457,3.693,4.101,4.6921,4.8912,4.9465,5.0,False,1
2014-08-10,259534870,257313208,76427498,180885710,2221662,189909225,55462188,134447037,24599903,109847134,20303102834,20233477189,1.1172,4.191,3.001,3.457,3.693,4.101,4.6921,4.8912,4.9465,5.0,False,2
2014-08-11,331550471,329331370,102021228,227310142,2219101,418603336,60850688,357752648,40952695,316799953,20216049969,20303102834,1.1235,4.179,2.955,3.42,3.616,4.166,4.6916,4.8914,4.9467,5.0,True,0
2014-08-12,258493673,256311879,101592768,154719111,2181794,309754858,48112423,261642435,46559208,215083227,20164788784,20216049969,1.1146,4.176,2.916,3.39,3.586,4.154,4.6905,4.8904,4.9457,5.0,True,0
2014-08-13,261506619,259291103,99082207,160208896,2215516,303975517,55277175,248698342,22934891,225763451,20122319886,20164788784,1.1138,4.175,2.892,3.36,3.579,4.22,4.6882,4.8871,4.9442,5.0,True,0
2014-08-14,257702660,255446130,113303891,142142239,2256530,211939431,38957777,172981654,45402310,127579344,20168083115,20122319886,1.1367,4.185,2.888,3.353,3.598,4.233,4.6834,4.8851,4.9391,5.0,True,0
2014-08-15,244551620,242336052,83330178,159005874,2215568,236516007,47779700,188736307,38085265,150651042,20176118728,20168083115,1.1129,4.17,2.889,3.346,3.509,4.174,4.6811,4.8844,4.9387,5.0,True,0
2014-08-16,215059736,212842047,55705873,157136174,2217689,219214339,41164497,178049842,38363021,139686821,20171964125,20176118728,1.1128,4.168,2.889,3.346,3.509,4.174,4.6811,4.8844,4.9387,5.0,False,1
2014-08-17,149978271,147777403,42442478,105334925,2200868,139564084,40085759,99478325,28147769,71330556,20182378312,20171964125,1.1126,4.165,2.889,3.346,3.509,4.174,4.6811,4.8844,4.9387,5.0,False,2
2014-08-18,298499146,296308680,84557465,211751215,2190466,259169016,55584679,203584337,52598310,150986027,20221708442,20182378312,1.1122,4.159,2.858,3.276,3.51,4.31,4.6805,4.881,4.9382,5.0,True,0
2014-08-19,266401973,264196458,108645683,155550775,2205515,254929877,74648794,180281083,33028860,147252223,20233180538,20221708442,1.122,4.163,2.835,3.237,3.477,4.363,4.6791,4.8801,4.9382,5.0,True,0
2014-08-20,308378692,306133606,134420983,171712623,2245086,202452782,73775504,128677278,28451096,100226182,20339106448,20233180538,1.124,4.169,2.833,3.246,3.462,4.286,4.6804,4.88,4.939,5.0,True,0
2014-08-21,251763517,249525712,85818188,163707524,2237805,219963356,70493107,149470249,18207816,131262433,20370906609,20339106448,1.1168,4.158,2.848,3.312,3.98,4.238,4.6786,4.88,4.94,5.0,True,0
2014-08-22,246316056,244094164,97266695,146827469,2221892,179349206,74322748,105026458,13620285,91406173,20437873459,20370906609,1.104,4.153,2.843,3.369,3.942,4.2039,4.6764,4.88,4.9398,5.0,True,0
2014-08-23,141412027,139192764,42797254,96395510,2219263,199377531,63911142,135466389,28401389,107065000,20379907955,20437873459,1.0997,4.146,2.843,3.369,3.942,4.2039,4.6764,4.88,4.9398,5.0,False,1
2014-08-24,130195484,127991522,43143686,84847836,2203962,191080151,52046987,139033164,15507226,123525938,20319023288,20379907955,1.0993,4.139,2.843,3.369,3.942,4.2039,4.6764,4.88,4.9398,5.0,False,2
2014-08-25,309574223,307361141,92282025,215079116,2213082,312413411,96656751,215756660,27159616,188597044,20316184100,20319023288,1.1122,4.139,2.841,3.363,3.886,4.199,4.6758,4.88,4.9394,5.0,True,0
2014-08-26,306945089,304747497,124460527,180286970,2197592,285478563,88192408,197286155,14814754,182471401,20337650626,20316184100,1.1085,4.131,2.823,3.318,3.876,4.2,4.6695,4.873,4.9363,5.0,True,0
2014-08-27,302194801,299973007,102372488,197600519,2221794,468164147,107408171,360755976,20966937,339789039,20171681280,20337650626,1.1079,4.123,2.861,3.349,3.9828,4.178,4.668,4.8729,4.9365,5.0,True,0
2014-08-28,245082751,242887647,56734596,186153051,2195104,297893861,98896299,198997562,15732174,183265388,20118870170,20171681280,1.1043,4.116,2.876,3.538,4.05,4.133,4.6689,4.8727,4.9373,5.0,True,0
2014-08-29,267554713,265335172,87236719,178098453,2219541,273756380,103967802,169788578,27979322,141809256,20112668503,20118870170,1.1169,4.123,2.908,3.672,4.199,4.114,4.6659,4.8726,4.9364,5.0,True,0
2014-08-30,199708772,197483663,84798329,112685334,2225109,196374134,70813897,125560237,32453185,93107052,20116003141,20112668503,1.1206,4.134,2.908,3.672,4.199,4.114,4.6659,4.8726,4.9364,5.0,False,1
2014-08-31,275090213,272878511,148125324,124753187,2211702,292943033,106464912,186478121,24503950,161974171,20098150321,20116003141,1.1204,4.146,2.908,3.672,4.199,4.114,4.6659,4.8726,4.9364,5.0,False,2
