window_id,method,segment,users,user_share,future_direct_active_rate,future_redeem_active_rate,future_direct_active_rate_lift,future_redeem_active_rate_lift,current_balance_share,future_direct_purchase_amt_share,future_direct_purchase_amt_mean_per_user,future_direct_purchase_amt_median_per_user,future_total_redeem_amt_share,future_total_redeem_amt_mean_per_user,future_total_redeem_amt_median_per_user,future_transfer_amt_share,future_transfer_amt_mean_per_user,future_transfer_amt_median_per_user,future_consume_amt_share,future_consume_amt_mean_per_user,future_consume_amt_median_per_user
rolling_2014_03,manual,balanced_or_other_active,782,0.04510844485463775,0.7365728900255755,0.8209718670076727,2.3957275087210834,2.46576027138687,0.05572110269411895,0.09344000828600231,1058277.3222506393,179766.5,0.09112681607516142,1058889.9424552429,227986.0,0.06481093206458638,655815.0626598465,29140.5,0.268526090733445,403074.8797953964,60628.0
rolling_2014_03,manual,consumption_oriented,2178,0.12563451776649745,0.4256198347107438,0.55188246097337,1.384342486781511,1.6575596575596574,0.17759761351249564,0.12622947071276625,513305.9049586777,0.0,0.12286412177224745,512599.9802571166,3414.0,0.11081073004098495,402590.7699724518,0.0,0.2041178219876329,110009.21028466483,0.0
rolling_2014_03,manual,dormant_zero_balance,387,0.02232348869404707,0.18863049095607234,0.13953488372093023,0.6135268651434278,0.4190881400183725,0.0,0.0058433301753319815,133728.14987080105,0.0,0.0032763277346944016,76928.58656330749,0.0,0.003233948712998874,66124.44444444444,0.0,0.003562011001366847,10804.142118863048,0.0
rolling_2014_03,manual,frequent_large_roundtrip,206,0.011882787263497924,0.8640776699029126,0.9320388349514563,2.8104409916391915,2.7993460226469935,0.0854051805367788,0.15882192915233384,6828363.325242719,2184558.5,0.17109909422787775,7547304.461165048,3287240.0,0.18013463219143908,6919422.825242719,2640473.0,0.11018919356715758,627881.6359223301,102686.5
rolling_2014_03,manual,frequent_small_consumer,395,0.022784956160590678,0.6835443037974683,0.8708860759493671,2.223250290925499,2.6156758511188887,0.02407371638173626,0.02076879649961503,465680.0253164557,46609.0,0.01877823587112428,431985.40506329114,67349.0,0.014079519600764014,282052.92911392404,0.0,0.050452978693825014,149932.4759493671,39258.0
rolling_2014_03,manual,funded_never_withdrawn,1078,0.06218274111675127,0.37569573283859,0.39239332096474955,1.2219627062832636,1.1785396071110357,0.10739116151285841,0.05624428736849471,462096.87569573283,0.0,0.06316088683707609,532403.422077922,0.0,0.06868851229013541,504202.7643784787,0.0,0.025898344352797885,28200.657699443414,0.0
rolling_2014_03,manual,history_insufficient,4404,0.25403784033225657,0.1991371480472298,0.18710263396911897,0.6477001122977064,0.5619562131823711,0.10797983586604844,0.17074070170982067,343370.6148955495,0.0,0.10224602982445413,210965.05495004542,0.0,0.10855915604514636,195055.86852861036,0.0,0.059688310238559056,15909.186421435059,0.0
rolling_2014_03,manual,inflow_dominant,328,0.018920166128287955,0.6951219512195121,0.8048780487804879,2.260906969294833,2.417423051569393,0.10874242487766107,0.05196904428435673,1403279.7591463414,297223.5,0.06197170992263321,1716844.713414634,204167.5,0.058495025107396854,1411188.280487805,64206.5,0.08540855757671743,305656.43292682926,29969.0
rolling_2014_03,manual,low_turnover_holder,590,0.03403322565759114,0.211864406779661,0.2,0.6890959391992876,0.6006930006930007,0.008127423801855552,0.019418037037948456,291492.03220338986,0.0,0.012470887318698422,192068.75593220338,0.0,0.013041789986128871,174914.19830508475,0.0,0.008622347818298494,17154.557627118644,0.0
rolling_2014_03,manual,observed_never_used,4473,0.2580179972311952,0.08316566063044936,0.04963112005365526,0.27049904178038836,0.1490653321639237,0.0,0.03031441615665589,60023.82740889783,0.0,0.007797148944654633,15839.749608763694,0.0,0.007568561513302257,13389.190476190477,0.0,0.009338090700653254,2450.559132573217,0.0
rolling_2014_03,manual,outflow_dominant,46,0.00265343793262575,0.5217391304347826,0.5869565217391305,1.6969736520107674,1.7629033715990239,0.0011473328815903387,0.0019954754464868076,384204.04347826086,414.0,0.0012744083785388076,251745.76086956522,29225.0,0.0010817106630164964,186077.19565217392,0.0,0.0025734122405496477,65668.56521739131,1625.0
rolling_2014_03,manual,passive_balance_only,5,0.0002884171665897554,0.0,0.2,0.0,0.6006930006930007,5.5934668298961555e-06,0.0,0.0,0.0,8.748946257791587e-08,159.0,0.0,1.0046788401612592e-07,159.0,0.0,0.0,0.0,0.0
rolling_2014_03,manual,transfer_oriented,2464,0.14213197969543148,0.5174512987012987,0.5921266233766234,1.6830273385151433,1.7784315909315909,0.3238086144680266,0.26421450317018735,949706.3112824676,1342.0,0.3439342456033768,1268370.3965097403,29958.5,0.36949538131621645,1186610.4910714286,0.0,0.1716228410889969,81759.90543831169,0.0
rolling_2014_03,automatic,k4_c0,3989,0.23009921550530688,0.5487590874905991,0.6653296565555277,1.7848569494816182,1.9982943392319175,0.507531295213237,0.440803921016454,978711.7159689146,7249.0,0.49753537600350567,1133368.9466031587,34544.0,0.5057151001645444,1003186.6826272248,0.0,0.44239464303439957,130182.26397593382,390.0
rolling_2014_03,automatic,k4_c1,1623,0.09362021227503461,0.16882316697473815,0.18422674060382008,0.5491028935598612,0.5533185681059988,0.009589064905383048,0.023331387953429792,127319.64818237831,0.0,0.01326531728047166,74269.50030807147,0.0,0.013343189720561645,65055.049907578556,0.0,0.012740367619564099,9214.450400492915,0.0
rolling_2014_03,automatic,k4_c2,1349,0.07781495154591601,0.45218680504077097,0.4922164566345441,1.4707524300538095,1.4783549016314026,0.17881434948271788,0.09541752563607432,626454.5604151223,0.0,0.11799878554699464,794834.9725722758,0.0,0.12597439276493091,738941.7368421053,0.0,0.06423403514557538,55893.2357301705,0.0
rolling_2014_03,automatic,k4_c3,1106,0.0637978772496539,0.8453887884267631,0.9529837251356239,2.749654791025584,2.8622532673165586,0.19607986106578376,0.23354871735223337,1870233.0786618446,448903.5,0.2578809271757623,2118729.3164556962,453125.5,0.23560555061063163,1685661.0967450272,120035.5,0.4080425422598818,433068.2197106691,130044.5
rolling_2014_03,automatic,not_cluster_eligible,9269,0.5346677434240886,0.14262595749271767,0.11878304024166576,0.46389560958607007,0.3567607043710183,0.10798542933287834,0.20689844804180854,197695.92857913475,0.0,0.11331959399326574,111092.18470169381,0.0,0.1193617667393315,101899.54137447405,0.0,0.07258841194057916,9192.643327219765,0.0
rolling_2014_03,hybrid,dormant_zero_balance,387,0.02232348869404707,0.18863049095607234,0.13953488372093023,0.6135268651434278,0.4190881400183725,0.0,0.0058433301753319815,133728.14987080105,0.0,0.0032763277346944016,76928.58656330749,0.0,0.003233948712998874,66124.44444444444,0.0,0.003562011001366847,10804.142118863048,0.0
rolling_2014_03,hybrid,funded_never_withdrawn,1078,0.06218274111675127,0.37569573283859,0.39239332096474955,1.2219627062832636,1.1785396071110357,0.10739116151285841,0.05624428736849471,462096.87569573283,0.0,0.06316088683707609,532403.422077922,0.0,0.06868851229013541,504202.7643784787,0.0,0.025898344352797885,28200.657699443414,0.0
rolling_2014_03,hybrid,history_insufficient,4404,0.25403784033225657,0.1991371480472298,0.18710263396911897,0.6477001122977064,0.5619562131823711,0.10797983586604844,0.17074070170982067,343370.6148955495,0.0,0.10224602982445413,210965.05495004542,0.0,0.10855915604514636,195055.86852861036,0.0,0.059688310238559056,15909.186421435059,0.0
rolling_2014_03,hybrid,k4_c0,3989,0.23009921550530688,0.5487590874905991,0.6653296565555277,1.7848569494816182,1.9982943392319175,0.507531295213237,0.440803921016454,978711.7159689146,7249.0,0.49753537600350567,1133368.9466031587,34544.0,0.5057151001645444,1003186.6826272248,0.0,0.44239464303439957,130182.26397593382,390.0
rolling_2014_03,hybrid,k4_c1,1449,0.08358329487771111,0.17115251897860592,0.18426501035196688,0.5566791874321035,0.5534335099552491,0.008371875540198928,0.02262445735452416,138287.57487922706,0.0,0.013065146122227842,81932.69979296066,0.0,0.013196182711550009,72064.23947550035,0.0,0.012181809051350554,9868.460317460318,0.0
rolling_2014_03,hybrid,k4_c2,445,0.025669127826488232,0.5191011235955056,0.6134831460674157,1.6883934481522862,1.8425751594290918,0.07264037733504358,0.039880168866485245,793725.5348314607,543.0,0.05503806986816238,1123866.0808988763,11099.0,0.057432887483807156,1021269.8561797753,0.0,0.03889424936099104,102596.22471910113,0.0
rolling_2014_03,hybrid,k4_c3,1106,0.0637978772496539,0.8453887884267631,0.9529837251356239,2.749654791025584,2.8622532673165586,0.19607986106578376,0.23354871735223337,1870233.0786618446,448903.5,0.2578809271757623,2118729.3164556962,453125.5,0.23560555061063163,1685661.0967450272,120035.5,0.4080425422598818,433068.2197106691,130044.5
rolling_2014_03,hybrid,observed_never_used,4473,0.2580179972311952,0.08316566063044936,0.04963112005365526,0.27049904178038836,0.1490653321639237,0.0,0.03031441615665589,60023.82740889783,0.0,0.007797148944654633,15839.749608763694,0.0,0.007568561513302257,13389.190476190477,0.0,0.009338090700653254,2450.559132573217,0.0
rolling_2014_03,hybrid,passive_balance_only,5,0.0002884171665897554,0.0,0.2,0.0,0.6006930006930007,5.5934668298961555e-06,0.0,0.0,0.0,8.748946257791587e-08,159.0,0.0,1.0046788401612592e-07,159.0,0.0,0.0,0.0,0.0
rolling_2014_04,manual,balanced_or_other_active,1098,0.05518419862290798,0.6985428051001822,0.8041894353369763,2.477523385575459,2.523412268553827,0.0684401460825579,0.10755431480676621,778091.7613843351,147650.0,0.1179515960170097,767195.7103825137,183598.5,0.09391817821909408,496871.35701275046,20787.5,0.2226988470360412,270324.3533697632,52210.5
rolling_2014_04,manual,consumption_oriented,2371,0.1191636930190481,0.40742302825811894,0.5693800084352594,1.4450081984406047,1.786619465042794,0.1681444048955421,0.12012303046370476,402438.9852382961,0.0,0.12925880397204362,389343.8000843526,4000.0,0.10762674321843477,263684.9160691691,0.0,0.22353998016054746,125658.88401518347,1109.0
rolling_2014_04,manual,dormant_zero_balance,483,0.02427501633412072,0.09109730848861283,0.06625258799171843,0.3230950351154954,0.20788956683034562,0.0,0.0030350739993260972,49914.58592132505,0.0,0.0007201703387497046,10648.606625258799,0.0,0.000665857318772397,8008.1221532091095,0.0,0.0009568882115467282,2640.4844720496894,0.0
rolling_2014_04,manual,frequent_large_roundtrip,262,0.01316781424335327,0.8396946564885496,0.9083969465648855,2.9781469839844332,2.850398051695557,0.0888973283020403,0.16932898069030425,5133757.164122137,2146002.0,0.18432730735693306,5024502.5610687025,1841099.0,0.19526253534253538,4329266.041984733,1208383.0,0.13666720839017,695236.5190839694,53465.0
rolling_2014_04,manual,frequent_small_consumer,440,0.02211388651555511,0.6954545454545454,0.8977272727272727,2.466570247933884,2.816918395435191,0.035930187426230845,0.031053326078245118,560609.9045454545,38026.5,0.044201007223877084,717437.6659090909,68715.5,0.04516032513899623,596212.4295454546,0.0,0.04001991590732058,121225.23636363636,40378.5
rolling_2014_04,manual,funded_never_withdrawn,1260,0.06332612956727145,0.32222222222222224,0.36587301587301585,1.142826302238067,1.148048477657372,0.11159142299334678,0.06540706434895113,412343.7642857143,0.0,0.05147876129208544,291784.5063492064,0.0,0.05692208960826345,262426.04285714286,0.0,0.027754558504617142,29358.463492063493,0.0
rolling_2014_04,manual,history_insufficient,2198,0.11046891491179575,0.21883530482256597,0.21474067333939945,0.7761436827191791,0.6738204033171473,0.02552714892669666,0.06529395380392215,235966.6346678799,0.0,0.041758803651744,135682.8771610555,0.0,0.04605891128154553,121725.7957233849,0.0,0.023017214041183592,13957.08143767061,0.0
rolling_2014_04,manual,inflow_dominant,307,0.015429461727898679,0.6254071661237784,0.7068403908794788,2.2181330453413226,2.21794720979798,0.11098010687227867,0.03922351445824816,1014877.0879478827,99653.0,0.05277259853531507,1227650.6221498372,106948.0,0.0492589026115939,932058.1302931596,0.0,0.06808669127157536,295592.4918566775,20000.0
rolling_2014_04,manual,low_turnover_holder,772,0.038799819068201236,0.133419689119171,0.15025906735751296,0.47319992057114885,0.4714878825441469,0.007580670745966805,0.008563321547886296,88111.02849740932,0.0,0.005979619839349612,55317.29792746114,0.0,0.006390715559592373,48087.12694300518,0.0,0.00418790020283363,7230.170984455958,0.0
rolling_2014_04,manual,observed_never_used,7222,0.36296929185304316,0.05870949875380781,0.0369703683190252,0.20822511527709694,0.11600684725495101,0.0,0.021661025770467152,23824.667820548326,0.0,0.006536716156945211,6464.08155635558,0.0,0.005233730490747047,4209.693852118527,0.0,0.012215649041110197,2254.3877042370536,0.0
rolling_2014_04,manual,outflow_dominant,52,0.002613459315474695,0.36538461538461536,0.5,1.2959104620869326,1.5689165746727647,0.0016796096480773647,0.0022787476904622666,348095.3461538461,0.0,0.0017610001495948332,241858.15384615384,1914.0,0.0017257197933345143,192780.71153846153,0.0,0.001914766058560182,49077.442307692305,0.0
rolling_2014_04,manual,passive_balance_only,4,0.0002010353319595919,0.0,0.0,0.0,0.0,5.420431452280817e-06,0.0,0.0,0.0,0.0,0.0,0.0,0.0,0.0,0.0,0.0,0.0,0.0
rolling_2014_04,manual,transfer_oriented,3428,0.17228727948937025,0.49066511085180864,0.5495915985997666,1.7402430856717355,1.7245267366881496,0.3812235536758103,0.3664776463417164,849203.9302800467,0.0,0.36325361546635265,756787.2672112018,5980.0,0.3917762914170903,663886.7176196033,0.0,0.2389403811744939,92900.5495915986,0.0
rolling_2014_04,automatic,k3_c0,1878,0.0943860883550284,0.1299254526091587,0.17625133120340788,0.460806903843927,0.5530472696663313,0.011827400236724267,0.01506809097446995,63733.52875399361,0.0,0.0057067006225090325,21701.72151224707,0.0,0.005572911843530656,17237.855165069224,0.0,0.006289805652888571,4463.866347177849,0.0
rolling_2014_04,automatic,k3_c1,1836,0.09227521736945268,0.8197167755991286,0.9237472766884531,2.907291387539369,2.8985648264106847,0.28182007529912184,0.37013608447909263,1601378.7777777778,345805.0,0.4045470879754828,1573624.421023965,322570.5,0.3796197977352508,1201082.4433551198,69155.5,0.5131901927545411,372541.9776688453,91737.5
rolling_2014_04,automatic,k3_c2,6276,0.31542443584459967,0.4639898024219248,0.5645315487571702,1.6456337074490262,1.7714058075416204,0.6808199551060049,0.5248057709727221,664233.8231357553,0.0,0.5407305212545693,615322.2694391332,5785.5,0.5628487913301536,520961.27899936266,0.0,0.4443302502987298,94360.99043977055,0.0
rolling_2014_04,automatic,not_cluster_eligible,9907,0.49791425843091924,0.09579085495104471,0.0778237609770869,0.33974164723011346,0.2441979770006463,0.02553256935814894,0.08999005357371541,72153.54385787826,0.0,0.04901569014743892,35334.39366104775,0.0,0.05195849909106497,30465.69405470879,0.0,0.03618975129384052,4868.699606338952,0.0
rolling_2014_04,hybrid,dormant_zero_balance,483,0.02427501633412072,0.09109730848861283,0.06625258799171843,0.3230950351154954,0.20788956683034562,0.0,0.0030350739993260972,49914.58592132505,0.0,0.0007201703387497046,10648.606625258799,0.0,0.000665857318772397,8008.1221532091095,0.0,0.0009568882115467282,2640.4844720496894,0.0
rolling_2014_04,hybrid,funded_never_withdrawn,1260,0.06332612956727145,0.32222222222222224,0.36587301587301585,1.142826302238067,1.148048477657372,0.11159142299334678,0.06540706434895113,412343.7642857143,0.0,0.05147876129208544,291784.5063492064,0.0,0.05692208960826345,262426.04285714286,0.0,0.027754558504617142,29358.463492063493,0.0
rolling_2014_04,hybrid,history_insufficient,2198,0.11046891491179575,0.21883530482256597,0.21474067333939945,0.7761436827191791,0.6738204033171473,0.02552714892669666,0.06529395380392215,235966.6346678799,0.0,0.041758803651744,135682.8771610555,0.0,0.04605891128154553,121725.7957233849,0.0,0.023017214041183592,13957.08143767061,0.0
rolling_2014_04,hybrid,k3_c0,1504,0.07558928481680656,0.13164893617021275,0.1702127659574468,0.4669195869837296,0.5340992594630688,0.007967123229738339,0.013665763689303292,72175.76396276595,0.0,0.005048654967249276,23973.56050531915,0.0,0.004867348979171416,18799.28324468085,0.0,0.0058388590074791346,5174.277260638298,0.0
rolling_2014_04,hybrid,k3_c1,1836,0.09227521736945268,0.8197167755991286,0.9237472766884531,2.907291387539369,2.8985648264106847,0.28182007529912184,0.37013608447909263,1601378.7777777778,345805.0,0.4045470879754828,1573624.421023965,322570.5,0.3796197977352508,1201082.4433551198,69155.5,0.5131901927545411,372541.9776688453,91737.5
rolling_2014_04,hybrid,k3_c2,5390,0.2708951098155501,0.47346938775510206,0.5857142857142857,1.6792549747171595,1.8378737017595244,0.5730888091196441,0.46080103390893756,679094.164935065,0.0,0.4899098056177436,649130.5534322821,9172.5,0.5066322645862494,546010.1564007421,0.0,0.4170266384395221,103120.39703153989,0.0
rolling_2014_04,hybrid,observed_never_used,7222,0.36296929185304316,0.05870949875380781,0.0369703683190252,0.20822511527709694,0.11600684725495101,0.0,0.021661025770467152,23824.667820548326,0.0,0.006536716156945211,6464.08155635558,0.0,0.005233730490747047,4209.693852118527,0.0,0.012215649041110197,2254.3877042370536,0.0
rolling_2014_04,hybrid,passive_balance_only,4,0.0002010353319595919,0.0,0.0,0.0,0.0,5.420431452280817e-06,0.0,0.0,0.0,0.0,0.0,0.0,0.0,0.0,0.0,0.0,0.0,0.0
rolling_2014_05,manual,balanced_or_other_active,1260,0.05733005733005733,0.676984126984127,0.780952380952381,2.6540772641557515,2.6705728066860788,0.08394088671770407,0.12899705579891266,793971.1515873016,106880.0,0.12085180761786952,720139.2150793651,135568.0,0.08953021802059596,432410.0317460318,6070.5,0.2548315876791421,287729.18333333335,40228.0
rolling_2014_05,manual,consumption_oriented,2724,0.12394212394212394,0.4034508076358297,0.5455212922173275,1.5817056457760017,1.8654842010817525,0.16314821109752814,0.11003958755875967,313283.3546255507,0.0,0.1170647268994559,322665.7052129222,2076.5,0.08643448410025405,193097.47944199707,0.0,0.24808723393778542,129568.22577092511,91.5
rolling_2014_05,manual,dormant_zero_balance,640,0.02912002912002912,0.0703125,0.0515625,0.27565610506600075,0.17632497666096156,0.0,0.0053994094402750725,65427.715625,0.0,0.0006030551415293743,7074.746875,0.0,0.0006402593767080057,6087.971875,0.0,0.0004439120293606741,986.775,0.0
rolling_2014_05,manual,frequent_large_roundtrip,259,0.011784511784511785,0.8571428571428571,0.9111969111969112,3.360379185566485,3.1159616795216607,0.08210955261356108,0.17228769517995346,5158815.154440154,2360550.0,0.1848234990592745,5357858.988416988,2874720.0,0.19512396765017173,4584664.057915058,1652813.0,0.14076269199038347,773194.9305019305,70340.0
rolling_2014_05,manual,frequent_small_consumer,478,0.021749021749021748,0.6589958158995816,0.893305439330544,2.5835551269784167,3.0547793598267767,0.02777948172851662,0.016754186065743446,271825.94560669456,28821.0,0.021592752601618154,339167.2949790795,63259.5,0.016960953185818015,215933.0020920502,0.0,0.0414055231217597,123234.29288702928,40072.0
rolling_2014_05,manual,funded_never_withdrawn,1203,0.054736554736554734,0.26433915211970077,0.29010806317539484,1.0363264154988912,0.9920639509053722,0.09350607988722862,0.05663338890288041,365092.06400665006,0.0,0.0490249267161297,305974.46300914383,0.0,0.054236243887158454,274359.9035743973,0.0,0.02673323790399028,31614.55943474647,0.0
rolling_2014_05,manual,history_insufficient,1767,0.0803985803985804,0.166383701188455,0.1658177702320317,0.6522977140063975,0.5670364017674798,0.016672403016945937,0.03867924356756369,169760.59649122806,0.0,0.023779607740144346,101042.01358234296,0.0,0.024222381595998096,83421.30050933786,0.0,0.021885618814712186,17620.713073005092,0.0
rolling_2014_05,manual,inflow_dominant,294,0.013377013377013377,0.6122448979591837,0.7687074829931972,2.4002708468332035,2.628699713898318,0.08506862037669743,0.030797558154269728,812389.7278911564,86918.5,0.046547116895334396,1188719.2925170069,102549.5,0.04868566232261756,1007744.4523809524,0.0,0.037399374086540954,180974.8401360544,14854.0
rolling_2014_05,manual,low_turnover_holder,1081,0.04918554918554918,0.12580943570767808,0.14893617021276595,0.4932286439499374,0.5093074761064524,0.024485477702810843,0.030787909199394583,220876.7345050879,0.0,0.020495220767645546,142351.0786308973,0.0,0.023861691432041275,134329.74653098983,0.0,0.006094961872811948,8021.332099907493,0.0
rolling_2014_05,manual,observed_never_used,8333,0.37915187915187915,0.04344173766950678,0.02424096963878555,0.17031082955769175,0.08289529029426308,0.0,0.026196690184835603,24380.382335293412,0.0,0.006373585661264361,5742.702268090724,0.0,0.0059672955043957795,4357.855514220569,0.0,0.008111513606755695,1384.8467538701548,0.0
rolling_2014_05,manual,outflow_dominant,116,0.005278005278005278,0.4224137931034483,0.6551724137931034,1.6560489377145178,2.2404511141037537,0.012858165951173946,0.006862556816332468,458800.025862069,0.0,0.009618118426057382,622538.1724137932,12335.5,0.006673796706979102,350115.75,0.0,0.022212612556906798,272422.4224137931,7344.5
rolling_2014_05,manual,passive_balance_only,4,0.000182000182000182,0.0,0.0,0.0,0.0,5.11154162857169e-06,0.0,0.0,0.0,0.0,0.0,0.0,0.0,0.0,0.0,0.0,0.0,0.0
rolling_2014_05,manual,transfer_oriented,3819,0.17376467376467378,0.453783713013878,0.5116522649908353,1.7790329012877293,1.7496644593073871,0.41042600936620477,0.37656471913107925,764690.0502749411,0.0,0.3992255824736768,784878.7305577376,318.0,0.447663046217262,713342.7491489919,0.0,0.19203173239985077,71535.98140874575,0.0
rolling_2014_05,automatic,k4_c0,5003,0.22763672763672763,0.41874875074955026,0.515490705576654,1.641680350334216,1.7627905285768946,0.2802335251963222,0.3572083722772721,553715.3923645812,0.0,0.34650919905935407,520017.6941834899,310.0,0.35584356219383395,432837.8928642814,0.0,0.3065809599166471,87179.80131920848,0.0
rolling_2014_05,automatic,k4_c1,1788,0.08135408135408136,0.8333333333333334,0.941834451901566,3.2670353193007493,3.220730913940037,0.28550184371333504,0.3515959517458188,1525006.9446308725,371593.0,0.3822279215144526,1605050.6795302012,330967.0,0.34773831317661447,1183536.5995525727,69994.5,0.5297590717184393,421514.07997762866,101404.0
rolling_2014_05,automatic,k4_c2,2333,0.10615160615160615,0.4556365195027861,0.534076296613802,1.7862967223746402,1.826346483114694,0.3698100520914065,0.18236619694922504,606212.7586798114,0.0,0.21888658200116484,704430.6699528504,2999.0,0.24240530770100446,632301.2640377197,0.0,0.11828397092359057,72129.40591513073,0.0
rolling_2014_05,automatic,k4_c3,2110,0.096005096005096,0.12180094786729857,0.1848341232227488,0.47751359832812845,0.6320654053507971,0.047777064440361706,0.03855413583500965,141704.61279620853,0.0,0.021620048882090365,76932.18578199053,0.0,0.023182880451445287,66862.34502369669,0.0,0.014934952990494492,10069.840758293838,0.0
rolling_2014_05,automatic,not_cluster_eligible,10744,0.48885248885248883,0.06524571854058078,0.049143708116157855,0.2557920802862798,0.1680535890737385,0.016677514558574507,0.07027534319267437,50726.21351451973,0.0,0.03075624854293808,21493.20681310499,0.0,0.03082993647710188,17462.374348473568,0.0,0.030441044450828555,4030.832464631422,0.0
rolling_2014_05,hybrid,dormant_zero_balance,640,0.02912002912002912,0.0703125,0.0515625,0.27565610506600075,0.17632497666096156,0.0,0.0053994094402750725,65427.715625,0.0,0.0006030551415293743,7074.746875,0.0,0.0006402593767080057,6087.971875,0.0,0.0004439120293606741,986.775,0.0
rolling_2014_05,hybrid,funded_never_withdrawn,1203,0.054736554736554734,0.26433915211970077,0.29010806317539484,1.0363264154988912,0.9920639509053722,0.09350607988722862,0.05663338890288041,365092.06400665006,0.0,0.0490249267161297,305974.46300914383,0.0,0.054236243887158454,274359.9035743973,0.0,0.02673323790399028,31614.55943474647,0.0
rolling_2014_05,hybrid,history_insufficient,1767,0.0803985803985804,0.166383701188455,0.1658177702320317,0.6522977140063975,0.5670364017674798,0.016672403016945937,0.03867924356756369,169760.59649122806,0.0,0.023779607740144346,101042.01358234296,0.0,0.024222381595998096,83421.30050933786,0.0,0.021885618814712186,17620.713073005092,0.0
rolling_2014_05,hybrid,k4_c0,5003,0.22763672763672763,0.41874875074955026,0.515490705576654,1.641680350334216,1.7627905285768946,0.2802335251963222,0.3572083722772721,553715.3923645812,0.0,0.34650919905935407,520017.6941834899,310.0,0.35584356219383395,432837.8928642814,0.0,0.3065809599166471,87179.80131920848,0.0
rolling_2014_05,hybrid,k4_c1,1788,0.08135408135408136,0.8333333333333334,0.941834451901566,3.2670353193007493,3.220730913940037,0.28550184371333504,0.3515959517458188,1525006.9446308725,371593.0,0.3822279215144526,1605050.6795302012,330967.0,0.34773831317661447,1183536.5995525727,69994.5,0.5297590717184393,421514.07997762866,101404.0
rolling_2014_05,hybrid,k4_c2,1411,0.0642005642005642,0.5499645641389086,0.667611622962438,2.156104386486788,2.282988680483657,0.2835118102963053,0.12856973926657578,706654.6470588235,9828.0,0.17249764701454012,917888.686746988,27996.0,0.19107191334891171,824074.5513819986,0.0,0.09304522616757185,93814.13536498937,395.0
rolling_2014_05,hybrid,k4_c3,1829,0.08321958321958323,0.12356478950246036,0.18862766539092402,0.48442863783180057,0.6450379383789836,0.04056922634823431,0.03571720461477851,151446.49480590486,0.0,0.018984057152585384,77930.80863860033,0.0,0.020280030916379584,67476.3482777474,0.0,0.013440459842522921,10454.460360852925,0.0
rolling_2014_05,hybrid,observed_never_used,8333,0.37915187915187915,0.04344173766950678,0.02424096963878555,0.17031082955769175,0.08289529029426308,0.0,0.026196690184835603,24380.382335293412,0.0,0.006373585661264361,5742.702268090724,0.0,0.0059672955043957795,4357.855514220569,0.0,0.008111513606755695,1384.8467538701548,0.0
rolling_2014_05,hybrid,passive_balance_only,4,0.000182000182000182,0.0,0.0,0.0,0.0,5.11154162857169e-06,0.0,0.0,0.0,0.0,0.0,0.0,0.0,0.0,0.0,0.0,0.0,0.0
rolling_2014_06,manual,balanced_or_other_active,1347,0.057018286488316965,0.6919079435783222,0.7780252412769116,2.8412364434372126,2.773931225464196,0.09078646118189812,0.1326196769632362,741404.3496659243,156983.0,0.1099801181277623,771013.8827023014,163525.0,0.08211228387864553,476286.847809948,19872.0,0.24356586598200825,294727.0348923534,43960.0
rolling_2014_06,manual,consumption_oriented,2902,0.12284117846258043,0.388697450034459,0.5351481736733288,1.5961391551562767,1.9079898060456866,0.15296570642949997,0.11004654563264595,285557.6281874569,0.0,0.10425549118791483,339247.88008270157,1053.5,0.07825920388788918,210700.74465885595,0.0,0.22886989248527523,128547.13542384563,0.0
rolling_2014_06,manual,dormant_zero_balance,864,0.036572976633931595,0.0787037037037037,0.05324074074074074,0.323187258177698,0.1898218018803591,0.0,0.0041835719711521,36462.65277777778,0.0,0.0013120890187099342,14340.528935185184,0.0,0.001250438870855024,11307.765046296296,0.0,0.0016076118438029543,3032.7638888888887,0.0
rolling_2014_06,manual,frequent_large_roundtrip,277,0.011725364036572976,0.8772563176895307,0.9422382671480144,3.602347166538758,3.35940791172724,0.09538615787941522,0.23726772549140326,6450207.079422383,2510648.0,0.2258036827945353,7697804.259927798,3279697.0,0.2414739779448356,6811121.389891697,1950478.0,0.15068740077430715,886682.8700361011,81225.0
rolling_2014_06,manual,frequent_small_consumer,551,0.023323738570944802,0.6243194192377496,0.8638838475499092,2.563692327493933,3.0800470894233407,0.030352766733263665,0.023651412754992558,323236.39019963704,18838.0,0.022445645677437696,384676.90744101634,54584.0,0.016627457476661656,235777.46823956442,0.0,0.05033539896826078,148899.4392014519,37500.0
rolling_2014_06,manual,funded_never_withdrawn,1163,0.049229597019979685,0.24247635425623387,0.2588134135855546,0.9956998770987779,0.9227600486787114,0.08757095294076396,0.03717798036318989,240724.8022355976,0.0,0.04097491178882859,332700.8607050731,0.0,0.0464894325040444,312322.00429922616,0.0,0.014540802585556635,20378.85640584695,0.0
rolling_2014_06,manual,history_insufficient,1446,0.06120894006095496,0.17219917012448133,0.16804979253112035,0.7071151042970184,0.5991560970050086,0.012319079388406233,0.03636654123191149,189386.25864453666,0.0,0.02606941937348604,170246.69017980635,0.0,0.025679406188750975,138753.75242047026,0.0,0.02793896554955824,31492.9377593361,0.0
rolling_2014_06,manual,inflow_dominant,296,0.012529630883846935,0.6790540540540541,0.7263513513513513,2.788453497822523,2.5896957929858626,0.09005026419956315,0.04012694549467497,1020843.4594594594,218117.0,0.058182722699678446,1856170.820945946,124935.0,0.05816649832016877,1535356.6047297297,0.0,0.058260495010612146,320814.2162162162,11108.0
rolling_2014_06,manual,low_turnover_holder,1377,0.05828818151032848,0.10457516339869281,0.1270878721859114,0.42942528422227,0.4531125705584019,0.032831593098855444,0.013591043289926774,74324.77705156137,0.0,0.022868385836511004,156825.68119099492,0.0,0.025559014937507774,145023.4473493101,0.0,0.009970731234361846,11802.233841684822,0.0
rolling_2014_06,manual,observed_never_used,9310,0.39409075516423975,0.03168635875402793,0.02062298603651987,0.13011620705808374,0.07352813494215898,0.0,0.015705228786322876,12703.089151450054,0.0,0.0034482037990391386,3497.5091299677765,0.0,0.003168037249109117,2658.6958109559614,0.0,0.004791195068528696,838.8133190118152,0.0
rolling_2014_06,manual,outflow_dominant,177,0.007492380629867931,0.3898305084745763,0.6214689265536724,1.6007919228582288,2.215753383776631,0.020613234946946713,0.00761377613642525,323922.8587570622,0.0,0.0128671997298707,686477.6271186441,30750.0,0.012410504960464443,547828.0169491526,0.0,0.015056387155305127,138649.61016949153,4600.0
rolling_2014_06,manual,passive_balance_only,4,0.00016931933626820184,0.25,0.25,1.0265948200938642,0.8913371566555992,4.97851675844335e-06,1.3384516443081096e-06,2519.75,0.0,1.3131250108051523e-06,3100.0,0.0,0.0,0.0,0.0,7.607650269799059e-06,3100.0,0.0
rolling_2014_06,manual,transfer_oriented,3910,0.1655096512021673,0.45959079283887466,0.5127877237851662,1.8872541091648836,1.8282670067462674,0.3871188046846291,0.34164821343247437,657986.7621483376,0.0,0.37179081684121523,897919.7271099744,240.0,0.40880374378106754,816894.8534526854,0.0,0.19436764569215317,81024.873657289,0.0
rolling_2014_06,automatic,k5_c0,1619,0.06853200135455469,0.2297714638665843,0.38789376158122296,0.9435287784432796,1.3829764901290087,0.08705451439154185,0.04049494479987315,188351.34342186534,0.0,0.058367927227865726,340441.9221741816,0.0,0.061572709020197645,297145.71093267447,0.0,0.04300565800337803,43296.2112415071,0.0
rolling_2014_06,automatic,k5_c1,1706,0.07221469691838808,0.0914419695193435,0.10550996483001172,0.3754954089909562,0.3761798082016597,0.029796906710112127,0.010625966807385631,46903.38511137163,0.0,0.020655193900860066,114331.48944900352,0.0,0.02325056706775885,106483.5633059789,0.0,0.008214153008993664,7847.926143024619,0.0
rolling_2014_06,automatic,k5_c2,1683,0.07124111073484592,0.8461081402257873,0.9435531788472965,3.474440935980184,3.3640960303484055,0.26261471070359377,0.3639695744261144,1628529.8544266191,375009.0,0.393286545238407,2206686.229352347,359800.0,0.3731635588840887,1732380.008318479,89805.0,0.4897470077620635,474306.2210338681,103777.0
rolling_2014_06,automatic,k5_c3,2064,0.08736877751439215,0.4588178294573643,0.5411821705426356,1.8840800283505605,1.9295031084967136,0.33493303527505597,0.1702065012517301,620985.1448643411,0.0,0.18074291274834597,826927.0445736434,3083.0,0.19466982406796166,736914.3207364341,0.0,0.1139836214701015,90012.7238372093,0.0
rolling_2014_06,automatic,k5_c4,4928,0.20860142228242465,0.45474837662337664,0.533887987012987,1.8673693115506085,1.9034968012669493,0.2732767750145316,0.35844633227386596,547732.1097808442,0.0,0.3161163955682753,605747.9234983766,1183.5,0.31724545865127807,502982.3756087662,0.0,0.31070417964330366,102765.54788961039,0.0
rolling_2014_06,automatic,not_cluster_eligible,11624,0.4920419911953945,0.05273571920165176,0.04146593255333792,0.2165528646653609,0.1478405056806603,0.012324057905164677,0.05625668044103078,36444.606073640745,0.0,0.03083102531624592,25046.55376806607,0.0,0.030097882308715115,20230.58267377839,0.0,0.034345380112159686,4815.971094287681,0.0
rolling_2014_06,hybrid,dormant_zero_balance,864,0.036572976633931595,0.0787037037037037,0.05324074074074074,0.323187258177698,0.1898218018803591,0.0,0.0041835719711521,36462.65277777778,0.0,0.0013120890187099342,14340.528935185184,0.0,0.001250438870855024,11307.765046296296,0.0,0.0016076118438029543,3032.7638888888887,0.0
rolling_2014_06,hybrid,funded_never_withdrawn,1163,0.049229597019979685,0.24247635425623387,0.2588134135855546,0.9956998770987779,0.9227600486787114,0.08757095294076396,0.03717798036318989,240724.8022355976,0.0,0.04097491178882859,332700.8607050731,0.0,0.0464894325040444,312322.00429922616,0.0,0.014540802585556635,20378.85640584695,0.0
rolling_2014_06,hybrid,history_insufficient,1446,0.06120894006095496,0.17219917012448133,0.16804979253112035,0.7071151042970184,0.5991560970050086,0.012319079388406233,0.03636654123191149,189386.25864453666,0.0,0.02606941937348604,170246.69017980635,0.0,0.025679406188750975,138753.75242047026,0.0,0.02793896554955824,31492.9377593361,0.0
rolling_2014_06,hybrid,k5_c0,1619,0.06853200135455469,0.2297714638665843,0.38789376158122296,0.9435287784432796,1.3829764901290087,0.08705451439154185,0.04049494479987315,188351.34342186534,0.0,0.058367927227865726,340441.9221741816,0.0,0.061572709020197645,297145.71093267447,0.0,0.04300565800337803,43296.2112415071,0.0
rolling_2014_06,hybrid,k5_c1,1324,0.056044700304774805,0.09063444108761329,0.09743202416918428,0.37217939097058517,0.3473791335606414,0.01234322210465706,0.007183243292100857,40855.20090634441,0.0,0.00649834275231285,46347.91918429003,0.0,0.007109299855109249,41953.374622356496,0.0,0.0035696917220840838,4394.544561933535,0.0
rolling_2014_06,hybrid,k5_c2,1683,0.07124111073484592,0.8461081402257873,0.9435531788472965,3.474440935980184,3.3640960303484055,0.26261471070359377,0.3639695744261144,1628529.8544266191,375009.0,0.393286545238407,2206686.229352347,359800.0,0.3731635588840887,1732380.008318479,89805.0,0.4897470077620635,474306.2210338681,103777.0
rolling_2014_06,hybrid,k5_c3,1283,0.054309177108025734,0.5463756819953235,0.6757599376461418,2.2436257798466057,2.4093197656131085,0.26481576693974707,0.136471244403825,800993.9851909587,9146.0,0.1539248521080646,1132915.9742790335,33934.0,0.16432165877656688,1000682.2743569758,0.0,0.10408728017145445,132233.69992205768,1.0
rolling_2014_06,hybrid,k5_c4,4928,0.20860142228242465,0.45474837662337664,0.533887987012987,1.8673693115506085,1.9034968012669493,0.2732767750145316,0.35844633227386596,547732.1097808442,0.0,0.3161163955682753,605747.9234983766,1183.5,0.31724545865127807,502982.3756087662,0.0,0.31070417964330366,102765.54788961039,0.0
rolling_2014_06,hybrid,observed_never_used,9310,0.39409075516423975,0.03168635875402793,0.02062298603651987,0.13011620705808374,0.07352813494215898,0.0,0.015705228786322876,12703.089151450054,0.0,0.0034482037990391386,3497.5091299677765,0.0,0.003168037249109117,2658.6958109559614,0.0,0.004791195068528696,838.8133190118152,0.0
rolling_2014_06,hybrid,passive_balance_only,4,0.00016931933626820184,0.25,0.25,1.0265948200938642,0.8913371566555992,4.97851675844335e-06,1.3384516443081096e-06,2519.75,0.0,1.3131250108051523e-06,3100.0,0.0,0.0,0.0,0.0,7.607650269799059e-06,3100.0,0.0
rolling_2014_07,manual,balanced_or_other_active,1411,0.056430971044632856,0.6959603118355776,0.7888022678951099,3.0311429432392933,2.938499986062176,0.10780476784416898,0.1416295251356536,738407.9192062367,110319.0,0.14187320150557106,827189.9716513111,169878.0,0.11040829395733409,510284.7214741318,9305.0,0.26218884710030843,316905.2501771793,38703.0
rolling_2014_07,manual,consumption_oriented,3116,0.12462006079027356,0.3581514762516046,0.5176508344030809,1.5598710176267412,1.9283881798889504,0.1959308325544186,0.1355444250135742,320002.7946084724,0.0,0.13667256810692144,360840.94480102696,700.0,0.09877601087337001,206724.48267008987,0.0,0.2815815827729485,154116.46213093709,0.0
rolling_2014_07,manual,dormant_zero_balance,1128,0.045112781954887216,0.06294326241134751,0.0425531914893617,0.2741392324217616,0.15852205005959474,0.0,0.004919330373943747,32082.370567375885,0.0,0.001120692552959639,8173.52304964539,0.0,0.0010466017278254638,6050.764184397163,0.0,0.001404001361193038,2122.758865248227,0.0
rolling_2014_07,manual,frequent_large_roundtrip,272,0.010878259478483443,0.9044117647058824,0.9301470588235294,3.939019641997193,3.4650472376077963,0.07860400087203961,0.21834299153646344,5905272.088235294,2491396.0,0.21871031291114462,6615036.779411765,2707170.5,0.2442074551241579,5855013.404411765,1885258.5,0.12121423346210741,760023.375,43493.0
rolling_2014_07,manual,frequent_small_consumer,562,0.022476403775395937,0.6832740213523132,0.8790035587188612,2.9758898501817175,3.2745239842381415,0.026786070051532128,0.022187655810855154,290432.1334519573,24037.0,0.017149683256216932,251045.06761565836,55471.5,0.009019391663554966,104659.53736654804,0.0,0.04823832638491413,146385.5302491103,38435.5
rolling_2014_07,manual,funded_never_withdrawn,1092,0.043673012318029114,0.2316849816849817,0.24267399267399267,1.0090665880597949,0.9040257021484673,0.06825426032729795,0.028489589096300512,191925.68864468863,0.0,0.03673022389593686,276715.08974358975,0.0,0.040035922513001615,239092.02014652014,0.0,0.024089879644359324,37623.069597069596,0.0
rolling_2014_07,manual,history_insufficient,1262,0.050471924492081266,0.1624405705229794,0.1561014263074485,0.7074837180554915,0.5815196757138621,0.007766647318326236,0.023806708898958428,138774.46671949286,0.0,0.011308634959632682,73719.56022187005,0.0,0.00953349213969243,49264.09825673534,0.0,0.018096433527816973,24455.461965134706,0.0
rolling_2014_07,manual,inflow_dominant,285,0.011398176291793313,0.6210526315789474,0.7017543859649122,2.7048946176624282,2.614223281684545,0.08523075041689208,0.03300880237943615,852029.1789473684,100535.0,0.04878627186239896,1408265.9438596491,74704.0,0.05329401972373332,1219471.0596491229,811.0,0.031549526663536,188794.8842105263,5000.0
rolling_2014_07,manual,low_turnover_holder,1855,0.07418812989921612,0.09919137466307278,0.11859838274932614,0.43201204181770975,0.441810781028628,0.044514178341822634,0.023168617259449145,91881.0102425876,0.0,0.021172992244586096,93901.00269541779,0.0,0.022495874451678017,79085.49649595688,0.0,0.016114549706719068,14815.506199460917,0.0
rolling_2014_07,manual,observed_never_used,10051,0.40197568389057753,0.03143965774549796,0.022385832255496965,0.1369303609594898,0.08339322850364216,0.0,0.016553841467837106,12115.994826385435,0.0,0.004434796865916486,3629.9142373893146,0.0,0.0047467358129695035,3079.8081782907175,0.0,0.0032420034104362902,550.1060590985971,0.0
rolling_2014_07,manual,outflow_dominant,228,0.00911854103343465,0.40789473684210525,0.6359649122807017,1.7765197700748998,2.369139849026619,0.02178508267742376,0.009578918018795707,309065.9561403509,0.0,0.015988482940964607,576905.0175438597,26201.0,0.014025016596077909,401149.649122807,0.0,0.02349639379455359,175755.36842105264,2801.5
rolling_2014_07,manual,passive_balance_only,3,0.00011998080307150856,0.0,0.0,0.0,0.0,5.246253420329735e-06,0.0,0.0,0.0,0.0,0.0,0.0,0.0,0.0,0.0,0.0,0.0,0.0
rolling_2014_07,manual,transfer_oriented,3739,0.1495360742281235,0.4584113399304627,0.5185878577159668,1.99653669110282,1.9318788430169898,0.3633181633426577,0.3427695950087328,674398.1754479808,0.0,0.3460521388977506,761408.9510564322,1032.0,0.39241118541660475,684421.7349558705,0.0,0.16878422217110725,76987.21610056165,0.0
rolling_2014_07,automatic,k5_c0,2249,0.08994560870260758,0.08136949755446865,0.09648732770120054,0.3543917291154736,0.35944117131120656,0.04489612750904764,0.020914010025503582,68409.65762561138,0.0,0.02066743288374344,75601.25166740773,0.0,0.020203953722067586,58584.77812361049,0.0,0.02243968644817073,17016.473543797245,0.0
rolling_2014_07,automatic,k5_c1,4655,0.18617021276595744,0.46100966702470464,0.546079484425349,2.0078532858884715,2.0342925251149326,0.2566545590157212,0.34964698120857085,552560.2736842105,0.0,0.33397734480193053,590240.8015037593,2993.0,0.3461451440874303,484927.08077336196,0.0,0.28745006280506624,105313.72073039743,0.0
rolling_2014_07,automatic,k5_c2,1970,0.0787873940169573,0.24111675126903553,0.40050761421319797,1.050145139998426,1.4919982696345058,0.1151607242528457,0.09266197500458713,346022.93604060914,0.0,0.07203291194800045,300813.0345177665,0.0,0.07120963801372165,235727.59847715736,0.0,0.07518095027457809,65085.43604060914,0.0
rolling_2014_07,automatic,k5_c3,2049,0.08194688849784035,0.4773060029282577,0.5671059053196681,2.0788293498028487,2.1126215817361413,0.36288122159950514,0.16065144166460926,576782.7047340166,0.0,0.2256204350200443,905875.2186432406,8800.0,0.24772563900147518,788436.7857491459,0.0,0.14109446322267163,117438.43289409469,0.0
rolling_2014_07,automatic,k5_c4,1637,0.06546952487601984,0.8350641417226634,0.9358582773365913,3.636987249544239,3.4863230581829754,0.21263547405113375,0.3308457113559899,1486778.9047037263,303747.0,0.33083775096777246,1662640.2339645694,321381.0,0.2993887954948179,1192682.2156383628,48917.0,0.451092398950067,469958.0183262065,117048.0
rolling_2014_07,automatic,not_cluster_eligible,12444,0.49768037114061753,0.04757312761170042,0.03776920604307297,0.20719708810363305,0.1407004213201723,0.007771893571746566,0.04527988074073928,26767.93273866924,0.0,0.016864124378508805,11148.994455159112,0.0,0.015326829680487397,8032.120379299261,0.0,0.0227424382994463,3116.874075859852,0.0
rolling_2014_07,hybrid,dormant_zero_balance,1128,0.045112781954887216,0.06294326241134751,0.0425531914893617,0.2741392324217616,0.15852205005959474,0.0,0.004919330373943747,32082.370567375885,0.0,0.001120692552959639,8173.52304964539,0.0,0.0010466017278254638,6050.764184397163,0.0,0.001404001361193038,2122.758865248227,0.0
rolling_2014_07,hybrid,funded_never_withdrawn,1092,0.043673012318029114,0.2316849816849817,0.24267399267399267,1.0090665880597949,0.9040257021484673,0.06825426032729795,0.028489589096300512,191925.68864468863,0.0,0.03673022389593686,276715.08974358975,0.0,0.040035922513001615,239092.02014652014,0.0,0.024089879644359324,37623.069597069596,0.0
rolling_2014_07,hybrid,history_insufficient,1262,0.050471924492081266,0.1624405705229794,0.1561014263074485,0.7074837180554915,0.5815196757138621,0.007766647318326236,0.023806708898958428,138774.46671949286,0.0,0.011308634959632682,73719.56022187005,0.0,0.00953349213969243,49264.09825673534,0.0,0.018096433527816973,24455.461965134706,0.0
rolling_2014_07,hybrid,k5_c0,1791,0.07162853943369062,0.07872696817420435,0.08431044109436069,0.34288261839885137,0.31407900314710885,0.026254418636449155,0.017721111663559233,72788.86320491346,0.0,0.014038094416417861,64482.887772194306,0.0,0.01398439252682717,50919.707426018984,0.0,0.014243439927313006,13563.18034617532,0.0
rolling_2014_07,hybrid,k5_c1,4655,0.18617021276595744,0.46100966702470464,0.546079484425349,2.0078532858884715,2.0342925251149326,0.2566545590157212,0.34964698120857085,552560.2736842105,0.0,0.33397734480193053,590240.8015037593,2993.0,0.3461451440874303,484927.08077336196,0.0,0.28745006280506624,105313.72073039743,0.0
rolling_2014_07,hybrid,k5_c2,1970,0.0787873940169573,0.24111675126903553,0.40050761421319797,1.050145139998426,1.4919982696345058,0.1151607242528457,0.09266197500458713,346022.93604060914,0.0,0.07203291194800045,300813.0345177665,0.0,0.07120963801372165,235727.59847715736,0.0,0.07518095027457809,65085.43604060914,0.0
rolling_2014_07,hybrid,k5_c3,1415,0.056590945448728204,0.5420494699646643,0.680565371024735,2.3608090832601403,2.5352885186386285,0.31326867014480564,0.1353547509302531,703698.4989399293,6138.0,0.19551954959143303,1136751.8077738516,43388.0,0.21390927768371398,985850.5003533569,0.0,0.12520083009917002,150901.3074204947,0.0
rolling_2014_07,hybrid,k5_c4,1637,0.06546952487601984,0.8350641417226634,0.9358582773365913,3.636987249544239,3.4863230581829754,0.21263547405113375,0.3308457113559899,1486778.9047037263,303747.0,0.33083775096777246,1662640.2339645694,321381.0,0.2993887954948179,1192682.2156383628,48917.0,0.451092398950067,469958.0183262065,117048.0
rolling_2014_07,hybrid,observed_never_used,10051,0.40197568389057753,0.03143965774549796,0.022385832255496965,0.1369303609594898,0.08339322850364216,0.0,0.016553841467837106,12115.994826385435,0.0,0.004434796865916486,3629.9142373893146,0.0,0.0047467358129695035,3079.8081782907175,0.0,0.0032420034104362902,550.1060590985971,0.0
rolling_2014_07,hybrid,passive_balance_only,3,0.00011998080307150856,0.0,0.0,0.0,0.0,5.246253420329735e-06,0.0,0.0,0.0,0.0,0.0,0.0,0.0,0.0,0.0,0.0,0.0,0.0
holdout_2014_08,manual,balanced_or_other_active,1415,0.05322750526632561,0.7067137809187279,0.7929328621908127,3.3146222921565744,3.164588981906706,0.10129267009075395,0.15357111864544978,795369.5208480565,151443.0,0.14234591549546652,752537.8494699646,180799.0,0.1018428829474253,395754.21272084804,2026.0,0.25470812638223433,356783.6367491166,47500.0
holdout_2014_08,manual,consumption_oriented,3135,0.11792807703882034,0.35821371610845293,0.522488038277512,1.6800905838085944,2.0852457603316887,0.19990019835820144,0.12053263860128628,281762.34641148325,0.0,0.13968314772559387,333308.3901116427,900.0,0.08862596132450615,155444.2692185008,0.0,0.2813243529582987,177864.12089314195,0.0
holdout_2014_08,manual,dormant_zero_balance,1410,0.05303942220884743,0.04893617021276596,0.032624113475177303,0.22951996276220366,0.13020258709264576,0.0,0.0043187598761079615,22446.8695035461,0.0,0.0019213960504403072,10193.834042553191,0.0,0.000998895800285741,3895.4028368794325,0.0,0.004480566589782459,6298.431205673759,0.0
holdout_2014_08,manual,frequent_large_roundtrip,283,0.010645501053265121,0.8303886925795053,0.9045936395759717,3.894681193283975,3.6102262895192365,0.0884526421179531,0.21834234241684342,5654150.526501766,1806573.0,0.22387326338718597,5917735.80565371,2032045.0,0.2578285866637304,5009517.915194347,1011023.0,0.1296754970791427,908217.8904593639,81011.0
holdout_2014_08,manual,frequent_small_consumer,618,0.02324706590430334,0.6763754045307443,0.8624595469255664,3.172329526119497,3.4420694483514875,0.031902518142791055,0.02639883637909753,313048.87378640776,34959.0,0.0224241334904554,271435.7038834951,51033.5,0.012276780890199566,109231.357605178,0.0,0.0505745928779088,162204.34627831716,37090.5
holdout_2014_08,manual,funded_never_withdrawn,1026,0.03859464339452302,0.20272904483430798,0.22807017543859648,0.9508378489547007,0.9102263239543086,0.05638703413265502,0.02326100672968472,166148.7134502924,0.0,0.025895806347261675,188808.6364522417,0.0,0.031925243135728726,171095.32943469787,0.0,0.009169136630602792,17713.30701754386,0.0
holdout_2014_08,manual,history_insufficient,1317,0.049541077339753235,0.12984054669703873,0.12908124525436598,0.6089769042685388,0.5151622614985837,0.0042533239528624225,0.013992025004594927,77859.32498101746,0.0,0.005862744860870699,33300.82536066818,0.0,0.007034906990523445,29371.348519362185,0.0,0.0026109703610402127,3929.4768413059983,0.0
holdout_2014_08,manual,inflow_dominant,257,0.009667469154378574,0.622568093385214,0.6653696498054474,2.9199629842188655,2.655485177965473,0.07514593676620004,0.03451634446888137,984254.7237354085,112366.0,0.04572754903561308,1331019.9922178988,79800.0,0.05091053931424921,1089245.7548638133,0.0,0.03134906401670939,241774.2373540856,2984.0
holdout_2014_08,manual,low_turnover_holder,2327,0.08753385495034607,0.0812204555221315,0.09540180489901161,0.3809394124206676,0.3807478729072699,0.05477074868749994,0.015509744720215128,48845.44864632574,0.0,0.012904711182158626,41485.05629565965,0.0,0.014118093816815776,33360.3794585303,0.0,0.009538584082416753,8124.676837129351,0.0
holdout_2014_08,manual,observed_never_used,10751,0.40441619018958774,0.028183424797693236,0.018881964468421542,0.13218563246680964,0.07535777562355778,0.0,0.014009402746522768,9549.63110408334,0.0,0.005058745225018898,3519.927541624035,0.0,0.005289749268084166,2705.4376337084923,0.0,0.004417901234589079,814.4899079155427,0.0
holdout_2014_08,manual,outflow_dominant,241,0.00906560337044839,0.4024896265560166,0.6182572614107884,1.8877530402902516,2.467459996598769,0.020483232918218828,0.01494438975008806,454440.4481327801,0.0,0.017231438009816885,534865.0954356847,15775.0,0.01588063035963935,362328.08298755187,0.0,0.020978805169959258,172537.01244813277,3700.0
holdout_2014_08,manual,passive_balance_only,3,0.00011284983448690941,0.0,0.0,0.0,0.0,5.441669452867147e-06,0.0,0.0,0.0,0.0,0.0,0.0,0.0,0.0,0.0,0.0,0.0,0.0
holdout_2014_08,manual,transfer_oriented,3801,0.14298074029491423,0.44593528018942385,0.5043409629044988,2.0915214341135577,2.0128209214612216,0.36740625316341136,0.3606033906612281,695260.8466193107,0.0,0.35707114919011806,702743.2286240463,100.0,0.4132677294888122,597839.9408050514,0.0,0.20117240261731556,104903.287818995,0.0
holdout_2014_08,automatic,k4_c0,2061,0.07752783629250677,0.4837457544881126,0.5953420669577875,2.268859763110795,2.3760056309872124,0.3642205172626226,0.1745658191005999,620721.8816108685,0.0,0.2125383339810725,771434.5012130034,11402.0,0.23454803843486233,625756.1334303736,0.0,0.15147971940798263,145678.3677826298,0.0
holdout_2014_08,automatic,k4_c1,2115,0.07955913331327114,0.23687943262411348,0.42174940898345153,1.1110096748199423,1.683198662125218,0.13004543258361428,0.08304171111592641,287741.0037825059,0.0,0.07422931076782631,262545.65437352244,0.0,0.06710238693919635,174453.18345153664,0.0,0.09400059375155387,88092.47092198582,0.0
holdout_2014_08,automatic,k4_c2,6749,0.25387451098405056,0.27041043117498886,0.31130537857460366,1.2682764471340693,1.2424173823791118,0.217567428595882,0.24311742337477588,263993.04948881315,0.0,0.21688749105598853,240400.21662468513,0.0,0.22693256674202808,184887.98903541264,0.0,0.18902076499616655,55512.22758927249,0.0
holdout_2014_08,automatic,k4_c3,2178,0.08192897983749624,0.8273645546372819,0.928374655647383,3.880497410105417,3.7051361425806983,0.28390785593556583,0.4669548587814722,1571205.0266299357,340879.0,0.48350197805878276,1660657.8305785125,333571.5,0.4580934558250199,1156504.997704316,30651.5,0.5539894836588852,504152.8328741965,108751.5
holdout_2014_08,automatic,not_cluster_eligible,13481,0.5071095395726752,0.040278911060010386,0.031080780357540243,0.18891576775217292,0.12404315643669868,0.00425876562231529,0.032320187627225654,17569.83168904384,0.0,0.012842886136329905,7126.565833395149,0.0,0.013323552058893351,5434.370150582301,0.0,0.01150943818541175,1692.1956828128477,0.0
holdout_2014_08,hybrid,dormant_zero_balance,1410,0.05303942220884743,0.04893617021276596,0.032624113475177303,0.22951996276220366,0.13020258709264576,0.0,0.0043187598761079615,22446.8695035461,0.0,0.0019213960504403072,10193.834042553191,0.0,0.000998895800285741,3895.4028368794325,0.0,0.004480566589782459,6298.431205673759,0.0
holdout_2014_08,hybrid,funded_never_withdrawn,1026,0.03859464339452302,0.20272904483430798,0.22807017543859648,0.9508378489547007,0.9102263239543086,0.05638703413265502,0.02326100672968472,166148.7134502924,0.0,0.025895806347261675,188808.6364522417,0.0,0.031925243135728726,171095.32943469787,0.0,0.009169136630602792,17713.30701754386,0.0
holdout_2014_08,hybrid,history_insufficient,1317,0.049541077339753235,0.12984054669703873,0.12908124525436598,0.6089769042685388,0.5151622614985837,0.0042533239528624225,0.013992025004594927,77859.32498101746,0.0,0.005862744860870699,33300.82536066818,0.0,0.007034906990523445,29371.348519362185,0.0,0.0026109703610402127,3929.4768413059983,0.0
holdout_2014_08,hybrid,k4_c0,1518,0.05710201625037616,0.5461133069828722,0.6923583662714098,2.5613754680368164,2.7631969387418045,0.32295519762845554,0.15494632021822635,748040.8787878788,13625.0,0.19213731888138624,946846.836627141,42597.5,0.20968042939068327,759516.8748353096,0.0,0.14346978564625246,187329.96179183136,1645.0
holdout_2014_08,hybrid,k4_c1,2115,0.07955913331327114,0.23687943262411348,0.42174940898345153,1.1110096748199423,1.683198662125218,0.13004543258361428,0.08304171111592641,287741.0037825059,0.0,0.07422931076782631,262545.65437352244,0.0,0.06710238693919635,174453.18345153664,0.0,0.09400059375155387,88092.47092198582,0.0
holdout_2014_08,hybrid,k4_c2,6266,0.23570568763165814,0.2848707309288222,0.3260453239706352,1.3360980082942502,1.3012443915981633,0.202445714097394,0.2394759155274647,280083.34743057773,0.0,0.2113926998084131,252370.95595276094,0.0,0.21987493265047842,192946.37807213533,0.0,0.18786156212729396,59424.5778806256,0.0
holdout_2014_08,hybrid,k4_c3,2178,0.08192897983749624,0.8273645546372819,0.928374655647383,3.880497410105417,3.7051361425806983,0.28390785593556583,0.4669548587814722,1571205.0266299357,340879.0,0.48350197805878276,1660657.8305785125,333571.5,0.4580934558250199,1156504.997704316,30651.5,0.5539894836588852,504152.8328741965,108751.5
holdout_2014_08,hybrid,observed_never_used,10751,0.40441619018958774,0.028183424797693236,0.018881964468421542,0.13218563246680964,0.07535777562355778,0.0,0.014009402746522768,9549.63110408334,0.0,0.005058745225018898,3519.927541624035,0.0,0.005289749268084166,2705.4376337084923,0.0,0.004417901234589079,814.4899079155427,0.0
holdout_2014_08,hybrid,passive_balance_only,3,0.00011284983448690941,0.0,0.0,0.0,0.0,5.441669452867147e-06,0.0,0.0,0.0,0.0,0.0,0.0,0.0,0.0,0.0,0.0,0.0,0.0
